family,pair,kind,chrom,start,end,product_bp,mm_plus,mm_minus,mm_total,in_designed_window,on_family
Harlequin-int,Harlequin-int_pair0,fwd+rev,chr21,42934155,42934237,83,2,1,3,True,True
Harlequin-int,Harlequin-int_pair0,fwd+rev,chr5,42817144,42817226,83,2,2,4,True,True
Harlequin-int,Harlequin-int_pair0,fwd+rev,chr5,116708063,116708142,80,2,3,5,True,True
Harlequin-int,Harlequin-int_pair0,fwd+rev,chr5,139528889,139528971,83,1,2,3,True,True
Harlequin-int,Harlequin-int_pair0,fwd+rev,chr5,159371249,159371321,73,1,0,1,True,True
Harlequin-int,Harlequin-int_pair0,fwd+rev,chr11,60190559,60190641,83,0,0,0,True,True
Harlequin-int,Harlequin-int_pair0,fwd+rev,chr11,81955337,81955416,80,1,1,2,True,True
Harlequin-int,Harlequin-int_pair0,fwd+rev,chr11,101249668,101249750,83,1,1,2,True,True
Harlequin-int,Harlequin-int_pair0,fwd+rev,chr8_KI270816v1_alt,153862,153944,83,1,3,4,True,False
Harlequin-int,Harlequin-int_pair0,fwd+rev,chr13,22887205,22887287,83,1,2,3,True,True
Harlequin-int,Harlequin-int_pair0,fwd+rev,chr18,8918723,8918805,83,3,1,4,True,True
Harlequin-int,Harlequin-int_pair0,fwd+rev,chr7,100843967,100844049,83,2,1,3,True,True
Harlequin-int,Harlequin-int_pair0,fwd+rev,chr7,135175162,135175244,83,1,2,3,True,True
Harlequin-int,Harlequin-int_pair0,fwd+rev,chr12,49738875,49738957,83,2,3,5,True,True
Harlequin-int,Harlequin-int_pair0,fwd+rev,chr12,68545343,68545425,83,0,2,2,True,True
Harlequin-int,Harlequin-int_pair0,fwd+rev,chr8,58696230,58696312,83,1,3,4,True,True
Harlequin-int,Harlequin-int_pair0,fwd+rev,chr8,143676815,143676897,83,1,3,4,True,True
Harlequin-int,Harlequin-int_pair0,fwd+rev,chr9,29382268,29382350,83,0,1,1,True,True
Harlequin-int,Harlequin-int_pair0,fwd+rev,chr4,22602795,22602877,83,3,2,5,True,True
Harlequin-int,Harlequin-int_pair0,fwd+rev,chr4,37549810,37549892,83,1,1,2,True,True
Harlequin-int,Harlequin-int_pair0,fwd+rev,chr4,69054685,69054767,83,1,2,3,True,True
Harlequin-int,Harlequin-int_pair0,fwd+rev,chr4,103228826,103228909,84,2,1,3,True,True
Harlequin-int,Harlequin-int_pair0,fwd+rev,chr4,115953873,115953954,82,1,1,2,True,True
Harlequin-int,Harlequin-int_pair0,fwd+rev,chr4,173103623,173103705,83,2,2,4,True,True
Harlequin-int,Harlequin-int_pair0,fwd+rev,chr17,80410888,80410970,83,2,1,3,True,True
Harlequin-int,Harlequin-int_pair0,fwd+rev,chr1,167867249,167867323,75,1,2,3,True,True
Harlequin-int,Harlequin-int_pair0,fwd+rev,chr1,206056256,206056338,83,0,3,3,True,True
Harlequin-int,Harlequin-int_pair0,fwd+rev,chr1,211691949,211692031,83,1,2,3,True,True
Harlequin-int,Harlequin-int_pair0,fwd+rev,chr1,220722321,220722403,83,1,1,2,True,True
Harlequin-int,Harlequin-int_pair0,fwd+rev,chr1,227684107,227684189,83,1,2,3,True,True
Harlequin-int,Harlequin-int_pair0,fwd+rev,chr1,227718044,227718126,83,2,2,4,True,True
Harlequin-int,Harlequin-int_pair0,fwd+rev,chr6,26079104,26079184,81,2,2,4,True,True
Harlequin-int,Harlequin-int_pair0,fwd+rev,chr6,35002296,35002378,83,0,1,1,True,True
Harlequin-int,Harlequin-int_pair0,fwd+rev,chr6,130265322,130265404,83,0,3,3,True,True
Harlequin-int,Harlequin-int_pair0,fwd+rev,chr2,108528823,108528905,83,1,1,2,True,True
Harlequin-int,Harlequin-int_pair0,fwd+rev,chr2,187515509,187515591,83,0,3,3,True,True
Harlequin-int,Harlequin-int_pair0,fwd+rev,chrX,48859161,48859243,83,1,2,3,True,True
Harlequin-int,Harlequin-int_pair0,fwd+rev,chrX,53517829,53517911,83,1,2,3,True,True
Harlequin-int,Harlequin-int_pair0,fwd+rev,chrX,120100133,120100215,83,1,3,4,True,True
Harlequin-int,Harlequin-int_pair0,fwd+rev,chr3,132307785,132307867,83,2,0,2,True,True
Harlequin-int,Harlequin-int_pair0,fwd+rev,chr3,134025013,134025095,83,2,3,5,True,True
Harlequin-int,Harlequin-int_pair1,fwd+rev,chr5,86460808,86460917,110,2,0,2,True,False
Harlequin-int,Harlequin-int_pair1,fwd+rev,chr5,139526560,139526784,225,1,0,1,False,True
Harlequin-int,Harlequin-int_pair1,fwd+rev,chr7,103153022,103153253,232,1,0,1,False,False
Harlequin-int,Harlequin-int_pair1,fwd+rev,chr19,9702782,9702890,109,2,0,2,True,False
Harlequin-int,Harlequin-int_pair1,fwd+rev,chr12,17297565,17297674,110,1,1,2,True,False
Harlequin-int,Harlequin-int_pair1,fwd+rev,chr8,8172472,8172581,110,2,0,2,True,False
Harlequin-int,Harlequin-int_pair1,fwd+rev,chr8,57463026,57463257,232,1,0,1,False,False
Harlequin-int,Harlequin-int_pair1,fwd+rev,chr19_GL383576v1_alt,27731,27840,110,2,0,2,True,False
Harlequin-int,Harlequin-int_pair1,fwd+rev,chr4,9098129,9098238,110,3,0,3,True,False
Harlequin-int,Harlequin-int_pair1,fwd+rev,chr4,37546870,37546979,110,1,0,1,True,False
Harlequin-int,Harlequin-int_pair1,fwd+rev,chr4,69051551,69051661,111,0,0,0,True,True
Harlequin-int,Harlequin-int_pair1,fwd+rev,chr4,173099363,173099594,232,0,0,0,False,True
Harlequin-int,Harlequin-int_pair1,fwd+rev,chr1,206053214,206053324,111,1,0,1,True,True
Harlequin-int,Harlequin-int_pair1,fwd+rev,chr1,220718719,220718944,226,1,0,1,False,True
Harlequin-int,Harlequin-int_pair1,fwd+rev,chr1,227679925,227680034,110,0,1,1,True,True
Harlequin-int,Harlequin-int_pair1,fwd+rev,chr6,88662807,88662915,109,2,1,3,True,False
Harlequin-int,Harlequin-int_pair1,fwd+rev,chr6,130260824,130260933,110,1,2,3,True,False
Harlequin-int,Harlequin-int_pair1,fwd+rev,chr6,130260824,130261060,237,1,0,1,False,False
Harlequin-int,Harlequin-int_pair1,fwd+rev,chr2,34677876,34678099,224,1,0,1,False,True
Harlequin-int,Harlequin-int_pair1,fwd+rev,chrX,142265844,142265953,110,1,0,1,True,False
Harlequin-int,Harlequin-int_pair1,fwd+rev,chr3,120312128,120312236,109,1,0,1,True,False
Harlequin-int,Harlequin-int_pair2,fwd+rev,chr5,42814840,42814956,117,2,1,3,True,True
Harlequin-int,Harlequin-int_pair2,fwd+rev,chr5,119438948,119439064,117,3,1,4,True,False
Harlequin-int,Harlequin-int_pair2,fwd+rev,chr13,22884949,22885065,117,2,0,2,True,True
Harlequin-int,Harlequin-int_pair2,fwd+rev,chr18,8915709,8915825,117,3,1,4,True,True
Harlequin-int,Harlequin-int_pair2,fwd+rev,chr7,10924884,10925000,117,3,1,4,True,True
Harlequin-int,Harlequin-int_pair2,fwd+rev,chr7,30809614,30809730,117,3,1,4,True,True
Harlequin-int,Harlequin-int_pair2,fwd+rev,chr7,43816464,43816579,116,3,2,5,True,False
Harlequin-int,Harlequin-int_pair2,fwd+rev,chr19,9703985,9704101,117,3,0,3,True,True
Harlequin-int,Harlequin-int_pair2,fwd+rev,chr12,18174746,18174862,117,2,1,3,True,False
Harlequin-int,Harlequin-int_pair2,fwd+rev,chr12,68542342,68542458,117,2,2,4,True,True
Harlequin-int,Harlequin-int_pair2,fwd+rev,chr8,55710023,55710139,117,3,1,4,True,True
Harlequin-int,Harlequin-int_pair2,fwd+rev,chr4,37547831,37547947,117,2,1,3,True,True
Harlequin-int,Harlequin-int_pair2,fwd+rev,chr4,55340626,55340740,115,3,1,4,True,False
Harlequin-int,Harlequin-int_pair2,fwd+rev,chr4,69052401,69052517,117,2,0,2,True,True
Harlequin-int,Harlequin-int_pair2,fwd+rev,chr4,71640305,71640421,117,2,1,3,True,True
Harlequin-int,Harlequin-int_pair2,fwd+rev,chr4,103225753,103225869,117,2,0,2,True,True
Harlequin-int,Harlequin-int_pair2,fwd+rev,chr4,115951929,115952045,117,2,0,2,True,True
Harlequin-int,Harlequin-int_pair2,fwd+rev,chr17,35502663,35502779,117,2,0,2,True,True
Harlequin-int,Harlequin-int_pair2,fwd+rev,chr1,167866606,167866722,117,2,0,2,True,True
Harlequin-int,Harlequin-int_pair2,fwd+rev,chr1,206053952,206054068,117,2,0,2,True,True
Harlequin-int,Harlequin-int_pair2,fwd+rev,chr1,220720017,220720132,116,2,2,4,True,True
Harlequin-int,Harlequin-int_pair2,fwd+rev,chr6,26076048,26076164,117,2,0,2,True,True
Harlequin-int,Harlequin-int_pair2,fwd+rev,chr6,35000317,35000433,117,2,0,2,True,True
Harlequin-int,Harlequin-int_pair2,fwd+rev,chr6,47642497,47642613,117,3,3,6,True,True
Harlequin-int,Harlequin-int_pair2,fwd+rev,chr6,88726818,88726934,117,3,1,4,True,False
Harlequin-int,Harlequin-int_pair2,fwd+rev,chr2,99500670,99500785,116,2,2,4,True,True
Harlequin-int,Harlequin-int_pair2,fwd+rev,chr2,187512585,187512701,117,2,0,2,True,True
Harlequin-int,Harlequin-int_pair2,fwd+rev,chrY,12569089,12569205,117,3,1,4,True,True
Harlequin-int,Harlequin-int_pair2,fwd+rev,chrX,37480991,37481108,118,2,2,4,True,False
Harlequin-int,Harlequin-int_pair2,fwd+rev,chrX,48855791,48855907,117,2,1,3,True,True
Harlequin-int,Harlequin-int_pair2,fwd+rev,chrX,84946777,84946892,116,2,1,3,True,True
Harlequin-int,Harlequin-int_pair2,fwd+rev,chr3,51899021,51899137,117,3,0,3,True,False
Harlequin-int,Harlequin-int_pair2,fwd+rev,chr3,74826459,74826575,117,2,0,2,True,True
Harlequin-int,Harlequin-int_pair3,fwd+rev,chr5,42814622,42814768,147,2,0,2,True,True
Harlequin-int,Harlequin-int_pair3,fwd+rev,chr5,65175021,65175173,153,1,1,2,True,True
Harlequin-int,Harlequin-int_pair3,fwd+rev,chr5,139527199,139527350,152,1,0,1,True,True
Harlequin-int,Harlequin-int_pair3,fwd+rev,chr5,159367371,159367516,146,1,0,1,True,True
Harlequin-int,Harlequin-int_pair3,fwd+rev,chr11,60186620,60186768,149,0,0,0,True,True
Harlequin-int,Harlequin-int_pair3,fwd+rev,chr11,75041227,75041379,153,1,0,1,True,True
Harlequin-int,Harlequin-int_pair3,fwd+rev,chr11,101245735,101245879,145,2,3,5,True,True
Harlequin-int,Harlequin-int_pair3,fwd+rev,chr10,94385680,94385830,151,1,0,1,True,True
Harlequin-int,Harlequin-int_pair3,fwd+rev,chr13,22884730,22884876,147,1,0,1,True,True
Harlequin-int,Harlequin-int_pair3,fwd+rev,chr18,8914840,8914985,146,1,0,1,True,True
Harlequin-int,Harlequin-int_pair3,fwd+rev,chr7,30808718,30808882,165,1,1,2,True,True
Harlequin-int,Harlequin-int_pair3,fwd+rev,chr7,103153771,103153923,153,1,1,2,True,False
Harlequin-int,Harlequin-int_pair3,fwd+rev,chr7,135172678,135172826,149,1,2,3,True,True
Harlequin-int,Harlequin-int_pair3,fwd+rev,chr19_GL383573v1_alt,346844,346989,146,1,0,1,True,False
Harlequin-int,Harlequin-int_pair3,fwd+rev,chr19,6598357,6598510,154,2,0,2,True,True
Harlequin-int,Harlequin-int_pair3,fwd+rev,chr19,21003568,21003713,146,1,0,1,True,True
Harlequin-int,Harlequin-int_pair3,fwd+rev,chr12,49735422,49735564,143,1,0,1,True,True
Harlequin-int,Harlequin-int_pair3,fwd+rev,chr8,58692604,58692757,154,2,1,3,True,True
Harlequin-int,Harlequin-int_pair3,fwd+rev,chr4,22600573,22600721,149,1,0,1,True,True
Harlequin-int,Harlequin-int_pair3,fwd+rev,chr4,36907381,36907534,154,1,1,2,True,True
Harlequin-int,Harlequin-int_pair3,fwd+rev,chr4,103224799,103224946,148,1,1,2,True,True
Harlequin-int,Harlequin-int_pair3,fwd+rev,chr4,115951711,115951857,147,1,0,1,True,True
Harlequin-int,Harlequin-int_pair3,fwd+rev,chr4,128261195,128261346,152,0,0,0,True,True
Harlequin-int,Harlequin-int_pair3,fwd+rev,chr4,173100000,173100155,156,1,1,2,True,True
Harlequin-int,Harlequin-int_pair3,fwd+rev,chr17,35501797,35501942,146,1,0,1,True,True
Harlequin-int,Harlequin-int_pair3,fwd+rev,chr17,80398512,80398668,157,1,0,1,True,True
Harlequin-int,Harlequin-int_pair3,fwd+rev,chr1,112827363,112827500,138,1,0,1,True,True
Harlequin-int,Harlequin-int_pair3,fwd+rev,chr1,206053736,206053883,148,2,0,2,True,True
Harlequin-int,Harlequin-int_pair3,fwd+rev,chr1,211688359,211688512,154,2,0,2,True,True
Harlequin-int,Harlequin-int_pair3,fwd+rev,chr1,220719351,220719501,151,1,0,1,True,True
Harlequin-int,Harlequin-int_pair3,fwd+rev,chr1,227680502,227680655,154,1,1,2,True,True
Harlequin-int,Harlequin-int_pair3,fwd+rev,chr6,34999677,34999823,147,1,0,1,True,True
Harlequin-int,Harlequin-int_pair3,fwd+rev,chr6,74469470,74469621,152,2,0,2,True,True
Harlequin-int,Harlequin-int_pair3,fwd+rev,chrY,13283616,13283767,152,2,1,3,True,True
Harlequin-int,Harlequin-int_pair3,fwd+rev,chrX,48854904,48855053,150,2,0,2,True,True
Harlequin-int,Harlequin-int_pair3,fwd+rev,chrX,84945868,84946016,149,1,1,2,True,True
Harlequin-int,Harlequin-int_pair3,fwd+rev,chr3,132303780,132303925,146,1,0,1,True,True
Harlequin-int,Harlequin-int_pair4,fwd+rev,chr7,12073745,12073834,90,2,2,4,True,False
Harlequin-int,Harlequin-int_pair4,fwd+rev,chr2,108527664,108527753,90,1,0,1,True,True
Harlequin-int,Harlequin-int_pair4,fwd+rev,chr3,132306606,132306695,90,0,0,0,True,True
Harlequin-int,Harlequin-int_pair5,fwd+rev,chr11,103578167,103578249,83,0,0,0,True,True
Harlequin-int,Harlequin-int_pair5,fwd+rev,chrY,21578348,21578431,84,2,2,4,True,False
MER21C,MER21C_pair0,fwd+rev,chr5,38054114,38054339,226,3,1,4,True,True
MER21C,MER21C_pair0,fwd+rev,chr5,38054197,38054339,143,3,1,4,True,True
MER21C,MER21C_pair0,fwd+rev,chr5,103401217,103401391,175,3,3,6,True,True
MER21C,MER21C_pair0,fwd+rev,chr11,77801470,77801712,243,2,2,4,False,True
MER21C,MER21C_pair0,fwd+rev,chr11,77801563,77801712,150,2,2,4,True,True
MER21C,MER21C_pair0,fwd+rev,chr10,63320772,63320863,92,3,2,5,True,True
MER21C,MER21C_pair0,fwd+rev,chr10,89966189,89966413,225,2,2,4,True,True
MER21C,MER21C_pair0,fwd+rev,chr18,51365104,51365596,493,2,2,4,False,True
MER21C,MER21C_pair0,fwd+rev,chr22,32611758,32611859,102,3,0,3,True,True
MER21C,MER21C_pair0,fwd+rev,chr7,141525016,141525107,92,2,3,5,True,True
MER21C,MER21C_pair0,fwd+rev,chr6_GL000251v2_alt,108893,108956,64,2,0,2,False,False
MER21C,MER21C_pair0,fwd+rev,chr12,29128540,29128682,143,3,2,5,True,True
MER21C,MER21C_pair0,fwd+rev,chr8,28188305,28188406,102,3,2,5,True,True
MER21C,MER21C_pair0,fwd+rev,chr17,51717234,51717326,93,3,2,5,True,True
MER21C,MER21C_pair0,fwd+rev,chr1,185280398,185280570,173,3,1,4,True,True
MER21C,MER21C_pair0,fwd+rev,chr1,185280478,185280570,93,2,1,3,True,True
MER21C,MER21C_pair0,fwd+rev,chr6,28619022,28619085,64,2,0,2,False,True
MER21C,MER21C_pair0,fwd+rev,chr6,39506567,39506753,187,2,2,4,True,True
MER21C,MER21C_pair0,fwd+rev,chr6,39506661,39506753,93,3,2,5,True,True
MER21C,MER21C_pair0,fwd+rev,chrX,14005128,14005218,91,2,2,4,True,True
MER21C,MER21C_pair1,fwd+rev,chr5,6187298,6187380,83,1,3,4,True,True
MER21C,MER21C_pair1,fwd+rev,chr11,34411408,34411495,88,2,3,5,True,False
MER21C,MER21C_pair1,fwd+rev,chr13,59478362,59478449,88,3,3,6,True,True
MER21C,MER21C_pair1,fwd+rev,chr18,37808821,37808907,87,3,3,6,True,True
MER21C,MER21C_pair1,fwd+rev,chr18,57893566,57893647,82,3,2,5,True,True
MER21C,MER21C_pair1,fwd+rev,chr7,138135125,138135212,88,3,2,5,True,True
MER21C,MER21C_pair1,fwd+rev,chr3_JH636055v2_alt,150351,150438,88,2,3,5,True,False
MER21C,MER21C_pair1,fwd+rev,chr16,71445099,71445473,375,2,2,4,False,True
MER21C,MER21C_pair1,fwd+rev,chr16,80497370,80497457,88,2,3,5,True,True
MER21C,MER21C_pair1,fwd+rev,chr8,21459183,21459270,88,1,3,4,True,True
MER21C,MER21C_pair1,fwd+rev,chr9,88326819,88326905,87,3,3,6,True,True
MER21C,MER21C_pair1,fwd+rev,chr20,42222933,42223006,74,2,3,5,True,False
MER21C,MER21C_pair1,fwd+rev,chr4,154516030,154516117,88,2,3,5,True,True
MER21C,MER21C_pair1,fwd+rev,chr1,236043335,236043413,79,1,3,4,True,True
MER21C,MER21C_pair1,fwd+rev,chr14,51269561,51269642,82,2,2,4,True,True
MER21C,MER21C_pair1,fwd+rev,chr3,58461687,58461768,82,1,3,4,True,True
MER21C,MER21C_pair3,fwd+rev,chr5,66236560,66236675,116,3,2,5,True,True
MER21C,MER21C_pair3,fwd+rev,chr5,142536653,142536762,110,2,1,3,True,True
MER21C,MER21C_pair3,fwd+rev,chr10,75224065,75224180,116,3,2,5,True,False
MER21C,MER21C_pair3,fwd+rev,chr13,39259954,39260071,118,3,1,4,True,True
MER21C,MER21C_pair3,fwd+rev,chr13,56591035,56591140,106,3,1,4,True,True
MER21C,MER21C_pair3,fwd+rev,chr18,23272066,23272152,87,3,1,4,True,False
MER21C,MER21C_pair3,fwd+rev,chr18,49747351,49747472,122,3,2,5,True,True
MER21C,MER21C_pair3,fwd+rev,chr16,9066177,9066281,105,3,3,6,True,True
MER21C,MER21C_pair3,fwd+rev,chr9,135976732,135976837,106,3,2,5,True,True
MER21C,MER21C_pair3,fwd+rev,chr1,181004753,181004861,109,3,1,4,True,False
MER21C,MER21C_pair3,fwd+rev,chr2,22820964,22821074,111,3,2,5,True,False
MER21C,MER21C_pair3,fwd+rev,chr2,74157478,74157579,102,1,1,2,True,False
MER21C,MER21C_pair3,fwd+rev,chrX,65849140,65849249,110,3,1,4,True,False
MER21C,MER21C_pair3,fwd+rev,chrX,114046809,114046915,107,3,3,6,True,True
MER21C,MER21C_pair3,fwd+rev,chr3,156214230,156214346,117,2,1,3,True,True
MER21C,MER21C_pair3,rev+rev,chr8,132979862,132980686,825,2,2,4,False,True
MER21C,MER21C_pair4,fwd+rev,chr5,71616385,71616482,98,0,0,0,True,True
MER21C,MER21C_pair4,fwd+rev,chr5,142536760,142537212,453,3,1,4,False,True
MER21C,MER21C_pair4,fwd+rev,chr10,63107182,63107285,104,3,1,4,True,True
MER21C,MER21C_pair4,fwd+rev,chr7,138135129,138135232,104,3,2,5,True,True
MER21C,MER21C_pair4,fwd+rev,chr19,28866244,28866347,104,1,2,3,True,True
MER21C,MER21C_pair4,fwd+rev,chr15,29445845,29445948,104,3,2,5,True,True
MER21C,MER21C_pair4,fwd+rev,chr15_KI270905v1_alt,1721349,1721452,104,3,2,5,True,False
MER21C,MER21C_pair4,fwd+rev,chr1,52641343,52641424,82,3,2,5,True,True
MER21C,MER21C_pair4,fwd+rev,chr2,20562689,20562796,108,1,3,4,True,False
MER21C,MER21C_pair4,fwd+rev,chr2,88206822,88206919,98,3,0,3,True,False
MER21C,MER21C_pair4,fwd+rev,chrX,65849247,65849340,94,3,1,4,True,False
MER21C,MER21C_pair5,fwd+rev,chr5,103401634,103401750,117,3,2,5,True,True
MER21C,MER21C_pair5,fwd+rev,chr5,171981264,171981382,119,0,0,0,True,True
MER21C,MER21C_pair5,fwd+rev,chr16,17114138,17114252,115,3,2,5,True,False
MER21C,MER21C_pair5,fwd+rev,chr12,42652050,42652159,110,2,3,5,True,False
MER21C,MER21C_pair5,fwd+rev,chr17,32501715,32501832,118,2,2,4,True,False
MER21C,MER21C_pair5,fwd+rev,chr6,3855702,3855805,104,1,3,4,True,True
MER21C,MER21C_pair5,fwd+rev,chr6,46600738,46600857,120,3,1,4,True,True
MER21C,MER21C_pair5,fwd+rev,chr14,24844223,24844342,120,2,2,4,True,True
MER21C,MER21C_pair5,fwd+rev,chr3,197262378,197262488,111,1,2,3,True,True
MER21C,MER21C_pair5,rev+rev,chr8,132979984,132980564,581,3,3,6,False,True
