primer,pairs,total_sites,perfect_0mm,mm1,mm2,mm3,seconds
TGGGGAAGAGACACAGAGGT,pair1_fwd,158,1,2,23,132,7.1
TTACTTCTGCAGACGGGTGC,pair1_rev,9,2,0,0,7,6.2
TACCTCATGTCCCCCTTCCC,pair2_fwd,187,3,4,16,164,5.0
ACCTCTGTGTCTCTTCCCCA,pair2_rev,227,1,1,31,194,5.4
ACTGCATGTCACACCACTGT,pair3_fwd,88,1,0,13,74,8.8
ATCTCTGTGTCACTCCCCCA,pair3_rev,166,9,12,22,123,5.2
TTCCCTTGTTCCCTGTGCTC,pair4_fwd;pair34_fwd,196,1,6,32,157,6.5
TGCTCAGTGCCACAAAGTGA,pair4_rev,108,1,12,24,71,7.3
ACCCCCTTCCCATCAGTTCT,pair5_fwd,72,1,2,11,58,10.2
GGACGTGAGGTACAGTGGTG,pair5_rev,79,4,9,8,58,7.3
AAACCCCCTGCTCTCCTTTG,pair6_fwd;pair7_fwd;pair38_fwd,206,1,19,33,153,5.3
ACCAGCACTCAGGCAAAAGT,pair6_rev;pair11_rev;pair28_rev;pair35_rev;pair54_rev,134,25,19,35,55,6.3
TGAAACCAGCACTCAGGCAA,pair7_rev;pair9_rev;pair10_rev;pair34_rev;pair46_rev;pair53_rev,165,24,25,35,81,7.3
CTCACGTCTGTTCCCTTGGT,pair8_fwd,263,1,37,26,199,5.8
GCTGACCCCATTGGCTACTT,pair8_rev;pair14_rev,87,1,21,20,45,8.3
CCCCCTGCTCTCCTTTGTTC,pair9_fwd;pair11_fwd,268,1,24,72,171,6.4
CCCTTGTTCCCTGTGCTCTT,pair10_fwd,207,1,8,35,163,6.2
ATTGTTCCCCCGAAACTGCA,pair12_fwd;pair21_fwd;pair48_fwd;pair50_fwd,89,7,15,16,51,9.3
GCTGACCCGATTGGCTACTT,pair12_rev;pair13_rev;pair52_rev,61,14,19,14,14,8.3
CATTGTTCCCCCGAAACTGC,pair13_fwd;pair22_fwd;pair51_fwd,49,7,10,8,24,8.1
ACTCACGTCTGTTCCCTTGG,pair14_fwd,108,1,39,22,46,5.9
CCCTGAAACTGCACGTCTCA,pair15_fwd,26,6,7,5,8,7.8
GGTCGGACTGCACAATCTGA,pair15_rev,49,2,16,15,16,8.8
TGTTCCTCCTTGCCCCTAGT,pair16_fwd;pair18_fwd;pair19_fwd;pair26_fwd;pair40_fwd;pair42_fwd;pair43_fwd;pair55_fwd,156,11,15,40,90,8.5
GGTGCAGGTAACCAAGGGAA,pair16_rev;pair56_rev;pair57_rev,266,11,18,27,210,5.9
CCCAAAACTGCACGTCTCAC,pair17_fwd,39,3,5,10,21,7.3
GGGGTTGGACTGCACAATCT,pair17_rev,232,13,52,68,99,7.8
GGGAACAATGGGTGCAGGTA,pair18_rev,51,7,6,6,32,9.2
ATGGGTGCAGGTAACCAAGG,pair19_rev,76,10,19,6,41,6.1
GCCAATCAGGTCAGCTCAGA,pair20_fwd;pair32_fwd,76,4,16,16,40,10.2
AGAGCACAGGCAACAAAGGA,pair20_rev;pair24_rev,365,2,21,45,297,6.5
GCTGACCCAGTTGGCTACTT,pair21_rev;pair22_rev;pair25_rev,63,2,5,22,34,8.3
GCCAATCGGGTCAGTTCAGA,pair23_fwd,20,1,0,4,15,10.0
AAGAGCACAGGGAGCAAAGG,pair23_rev,175,1,1,22,151,6.4
AGCCAATCAGGTCAGCTCAG,pair24_fwd;pair37_fwd,100,4,16,20,60,11.0
CCCATTGTTCCCCCGAAACT,pair25_fwd;pair41_fwd;pair45_fwd,16,8,2,3,3,6.8
ACAATGGCTGCAGGTAACCA,pair26_rev,57,1,9,17,30,8.3
CCCCCTGGTCTCCTTTGTTC,pair27_fwd;pair31_fwd;pair33_fwd;pair35_fwd;pair39_fwd,181,8,9,27,137,6.4
GCCGCAAAGTAAAACCAGCA,pair27_rev,127,2,9,51,65,6.7
AAAACCCCCGGTCTCCTTTG,pair28_fwd,104,1,3,32,68,5.3
TTCCCCCTTGCCCCTAGTTA,pair29_fwd;pair47_fwd,91,1,13,48,29,9.0
TGCAGGAAACCAAGGGAACA,pair29_rev,132,1,13,24,94,6.5
CATGGGGGAGTGACACAGAG,pair30_fwd;pair58_fwd,182,15,21,25,121,6.7
TCGCAAGTGCACAGAGAACA,pair30_rev,117,1,5,24,87,7.0
CCGCGAAGTAAAACCAGCAC,pair31_rev,81,1,6,12,62,6.6
AGCACAGGCAACAAAGGAGA,pair32_rev;pair37_rev,317,1,9,27,280,5.9
TGCCGCAAAGTAAAACCAGC,pair33_rev,116,2,8,44,62,6.2
TACCTGCACCCATTGTTCCC,pair36_fwd;pair44_fwd,75,7,17,6,45,6.1
TCTGAGCTGACCCAATTGGC,pair36_rev;pair60_rev,48,5,4,18,21,6.4
CGGTGCCACAAAGTGAAACC,pair38_rev,382,4,12,20,346,7.4
GTGCCGCGAAGTAAAACCAG,pair39_rev,29,1,7,5,16,5.7
TGTGCAGTTTTGGGGGAACA,pair40_rev,139,2,6,25,106,6.1
TGGGGTCAGACTGCACAATC,pair41_rev;pair50_rev;pair51_rev,151,6,22,50,73,6.5
GGAACAGTGGGTGCAGGTAA,pair42_rev,58,2,7,6,43,8.2
AGTGGGTGCAGGTAACCAAG,pair43_rev,64,2,9,19,34,5.7
CTGAGCTGACCCAATTGGCT,pair44_rev,74,4,4,25,41,7.7
CTGGGGTCAGACTGCACAAT,pair45_rev,120,5,15,39,61,11.2
GCTCTTGCGACCCTGATTGA,pair46_fwd;pair54_fwd,8,1,0,2,5,8.1
ACAATGGGTGCAGGAAACCA,pair47_rev,210,1,0,26,183,5.9
TGACCCAATTGGCCACTTGT,pair48_rev,69,1,0,6,62,8.2
CATTGTGCCCCTGAAACTGC,pair49_fwd,86,1,9,24,52,8.1
TCTGAGCTGACCTGATTGGC,pair49_rev;pair59_rev,62,4,5,18,35,7.8
CACACGCTCCACCTCTGTAC,pair52_fwd,50,2,14,6,28,8.4
ACCCCCTGCTTTCCTTTGTT,pair53_fwd,253,3,39,53,158,6.0
TGCAGTTTCGGGGGAACAAT,pair55_rev,52,7,16,8,21,6.5
TTTCCTGTTCCTCCTTGCCC,pair56_fwd,205,8,8,27,162,5.8
TTCTTGTTCCTCCTTGCCCC,pair57_fwd,170,3,17,37,113,5.6
GCCACTCCCGTCAATCAAGA,pair58_rev,43,2,5,15,21,9.6
CCTTGGTTACCTGCACCCAT,pair59_fwd;pair60_fwd,180,10,3,5,162,5.9
