true_cluster,nearest_consensus,correct,div_own,div_nearest_other,div_to_0,div_to_1,div_to_2,div_to_3,div_to_4
0,0,True,0.008210089895234503,0.0320278736641843,0.008210089895234503,0.0320278736641843,,,
0,4,False,0.08765829104125264,0.08414068191105567,0.08765829104125264,0.39207946335845445,0.10129844658975834,0.09463274281431223,0.08414068191105567
0,4,False,0.0723399553694707,0.052435214976200406,0.0723399553694707,0.2285483366432008,0.0659913864586162,0.07199665970661548,0.052435214976200406
0,0,True,0.013718488922554183,0.051314621971226874,0.013718488922554183,0.051314621971226874,,,
0,0,True,0.27338352938201205,0.3427335335035241,0.27338352938201205,0.3427335335035241,,,0.9738654978962666
0,0,True,0.2735202936768836,0.32489208647804585,0.2735202936768836,0.32489208647804585,,,
0,4,False,0.037772496911728515,0.025809623649073007,0.037772496911728515,0.10354919777168589,0.03726709829458479,0.05134321616066443,0.025809623649073007
0,0,True,0.01017381112320976,0.05678829110339594,0.01017381112320976,0.05678829110339594,,,
0,0,True,0.020039322014722024,0.030743211236969513,0.020039322014722024,0.21609544544602227,0.0479156025637759,0.05325712703581253,0.030743211236969513
0,0,True,0.024565985299261427,0.030743211236969513,0.024565985299261427,0.3121610812385556,0.0489166038991124,0.05325712703581253,0.030743211236969513
0,0,True,0.013457108741794899,0.02162924081502498,0.013457108741794899,0.21716916603554332,0.03701941304734559,0.04665319142742953,0.02162924081502498
0,0,True,0.017592093696052778,0.023707792436262143,0.017592093696052778,0.1976684604693432,0.039070340768308946,0.04255378257316336,0.023707792436262143
0,0,True,0.015065093973156347,0.028721353419765634,0.015065093973156347,0.09078397741176879,0.04593754052940322,0.0510947978842614,0.028721353419765634
0,4,False,0.09159619060156195,0.031782587471957544,0.09159619060156195,0.29754330813285296,0.04893754952945181,0.053285381892042856,0.031782587471957544
0,0,True,0.026228642518865516,0.03789920609118088,0.026228642518865516,0.16175339891940316,0.04597589970877598,0.054390197664609986,0.03789920609118088
0,0,True,0.03534807958926629,0.04114928799167172,0.03534807958926629,0.1833968387825604,0.05718410943346212,0.06676012077351208,0.04114928799167172
0,4,False,0.036136493688002,0.031114784682012266,0.036136493688002,0.09316312218840492,0.047458680292712246,0.056471978237637666,0.031114784682012266
0,3,False,0.03548339736413034,0.01833801066251025,0.03548339736413034,0.2184271403965124,0.07326587533298373,0.01833801066251025,0.046135436150171884
0,0,True,0.016014304860732232,0.03574294364452876,0.016014304860732232,0.08529560479522018,0.05777633832770233,0.05525753867326339,0.03574294364452876
0,0,True,0.02671736576414977,0.028807267063730123,0.02671736576414977,0.150224059468031,0.04116455360368814,0.05125847230409877,0.028807267063730123
0,3,False,0.077638216026149,0.03376029259739233,0.077638216026149,0.1094818678567496,0.07013416496842681,0.03376029259739233,0.04817905918985786
0,0,True,0.011784497856086254,0.03581408077320738,0.011784497856086254,0.07772853746003724,0.05687370006603788,0.04995543751789006,0.03581408077320738
0,0,True,0.029609555468849025,0.0379116142511374,0.029609555468849025,0.32063228254940657,0.05091322787139229,0.0565579926911937,0.0379116142511374
0,4,False,0.07837269415314475,0.03496119090102859,0.07837269415314475,0.11283496086451239,0.056077728522574186,0.055631418744323584,0.03496119090102859
0,0,True,0.010688340244363173,0.038269056288169,0.010688340244363173,0.038269056288169,,,
0,0,True,0.016983881914451566,0.02979614794414317,0.016983881914451566,0.19819171098229532,0.04895991918575394,0.04143205590717232,0.02979614794414317
0,0,True,0.013991962500143215,0.035871461320564076,0.013991962500143215,0.07986892597996453,0.05694368585771524,0.04893892422556701,0.035871461320564076
0,4,False,0.038281113040829665,0.034203404731808766,0.038281113040829665,0.38885205607144313,0.04244688923097772,0.048509674531471134,0.034203404731808766
0,3,False,0.07676059997234763,0.008075533951745342,0.07676059997234763,0.11014001710508589,0.07220264645789476,0.008075533951745342,0.048171809410838214
0,0,True,0.2753760218922944,0.32504869726789665,0.2753760218922944,0.32504869726789665,,,
0,3,False,0.04893011071870858,0.023564806851779096,0.04893011071870858,0.08279063662721195,0.06918485374520107,0.023564806851779096,0.04516999578187089
0,3,False,0.038195633217135025,0.011130533272534628,0.038195633217135025,0.22426639044106306,0.0753374529646925,0.011130533272534628,0.05132639400747058
0,0,True,0.02001284888811931,0.03280717799442533,0.02001284888811931,0.15364190163763894,0.04994156593107461,0.05548560546445375,0.03280717799442533
0,0,True,0.037246500223707804,0.0441044261397328,0.037246500223707804,0.1732287297578271,0.06202099082268184,0.0698507028224123,0.0441044261397328
0,0,True,0.012245742421405694,0.031764662051869653,0.012245742421405694,0.09729651541003478,0.0489166038991124,0.05435482231753031,0.031764662051869653
0,0,True,0.009987891938300002,0.05578889041087753,0.009987891938300002,0.05578889041087753,,,
0,3,False,0.07282527038454036,0.059354034340778135,0.07282527038454036,0.1023124064237852,0.07435589606924804,0.059354034340778135,0.061272617002676125
0,0,True,0.0329854711912895,0.03592628128780432,0.0329854711912895,0.2131461206946622,0.05003806524522053,0.05228841917282412,0.03592628128780432
0,4,False,0.09908181883299674,0.03274030060095471,0.09908181883299674,0.11257034398041327,0.04981798776251636,0.05211278258853323,0.03274030060095471
0,0,True,0.017514519880032574,0.03581408077320738,0.017514519880032574,0.08207473252469213,0.05687370006603788,0.04995543751789006,0.03581408077320738
0,4,False,0.08180228794351993,0.04374689503272127,0.08180228794351993,0.11445678739847025,0.06129857999216405,0.07886515825661701,0.04374689503272127
0,4,False,0.08544071358968508,0.02671730964923138,0.08544071358968508,0.11670419839514101,0.04299648247420183,0.043634864075410944,0.02671730964923138
0,0,True,0.014307028557502578,0.022664699168237257,0.014307028557502578,0.24096106116794141,0.039006736486091015,0.04035678667555803,0.022664699168237257
0,0,True,0.014351897506750644,0.03277073105091338,0.014351897506750644,0.11860677040796869,0.053882459156611426,0.051044762567501116,0.03277073105091338
0,4,False,0.03845610403555039,0.03782373755537724,0.03845610403555039,0.0855222329724576,0.05283735120348229,0.05642349840982286,0.03782373755537724
0,4,False,0.0910766323903967,0.032788203862732075,0.0910766323903967,0.1550229760804574,0.049919613262545286,0.05325712703581253,0.032788203862732075
0,4,False,0.10393654352624855,0.039942751077655804,0.10393654352624855,0.12640629780674684,0.0548689474080375,0.060925908428428086,0.039942751077655804
0,4,False,0.0302217157668232,0.020666275272594892,0.0302217157668232,0.08091795568864699,0.034141621068725606,0.040336014026508785,0.020666275272594892
0,0,True,0.023834820664808208,0.03480693052331247,0.023834820664808208,0.2555492271703764,0.05786667052850074,0.05543102719994621,0.03480693052331247
0,0,True,0.012827554885345321,0.05207679462969999,0.012827554885345321,0.05207679462969999,,,
0,4,False,0.07861531805925158,0.025666104246989514,0.07861531805925158,0.11362995950323004,0.04097254259447776,0.04351391193205517,0.025666104246989514
0,0,True,0.013234627521193622,0.029739683710667368,0.013234627521193622,0.08181630176196138,0.04693554485276071,0.052188890224537834,0.029739683710667368
0,0,True,0.014111713697686091,0.032754762355893884,0.014111713697686091,0.08493570838734889,0.050883005591542796,0.055398665170150546,0.032754762355893884
0,0,True,0.008260190909822992,0.024136865531115197,0.008260190909822992,0.024136865531115197,0.9873776779375806,,0.9389930372337257
0,0,True,0.016201995921294617,0.017674342139146818,0.016201995921294617,0.169221260221673,0.035131970218473973,0.03823327295891759,0.017674342139146818
0,0,True,0.013093265025185614,0.034803945552035004,0.013093265025185614,0.0842994622485372,0.0568955762770043,0.04889028705143523,0.034803945552035004
0,0,True,0.012888725888625177,0.03583169514308302,0.012888725888625177,0.0798415957165565,0.052895080741405545,0.05870628472951014,0.03583169514308302
0,0,True,0.02098120819816448,0.024954454728517535,0.02098120819816448,0.20768462699878634,0.043453607664131685,0.04732232915452632,0.024954454728517535
0,4,False,0.03307669429228796,0.030051434649031553,0.03307669429228796,0.3886106693528887,0.03413576222759201,0.054994271032546435,0.030051434649031553
0,0,True,0.011881266958764989,0.05450060351327468,0.011881266958764989,0.05450060351327468,,,
0,4,False,0.0848552533973461,0.0287065485431516,0.0848552533973461,0.11349772985842521,0.04294043713719184,0.04565996176580945,0.0287065485431516
0,0,True,0.013957683550561022,0.030743211236969513,0.013957683550561022,0.10042503959922963,0.0479156025637759,0.05325712703581253,0.030743211236969513
0,0,True,0.01582042119390603,0.026704538540861317,0.01582042119390603,0.21638662254055724,0.039070340768308946,0.045729082667987114,0.026704538540861317
0,4,False,0.026584179133785784,0.022620113231364668,0.026584179133785784,0.2045395970494563,0.03994318259662939,0.055233753644451336,0.022620113231364668
0,0,True,0.009186444920299481,0.0248510799330059,0.009186444920299481,0.0248510799330059,,,
0,0,True,0.016372114959687115,0.030743211236969513,0.016372114959687115,0.08169541611595861,0.0479156025637759,0.05325712703581253,0.030743211236969513
0,0,True,0.011923122538367064,0.029828412103010696,0.011923122538367064,0.09940066380141746,0.04606987060141604,0.052352929557572044,0.029828412103010696
0,0,True,0.013380257604900537,0.07157328974997657,0.013380257604900537,0.07157328974997657,,,
0,0,True,0.02212455130615916,0.026678148195344458,0.02212455130615916,0.07330525915047358,0.039990988772427155,0.04674221327059598,0.026678148195344458
0,0,True,0.012632196125009466,0.033795321573381165,0.012632196125009466,0.07848414913481999,0.05489256051024938,0.04782681239436865,0.033795321573381165
0,1,False,0.05159467975453478,0.03824585966787559,0.05159467975453478,0.03824585966787559,,,0.9874463987376806
0,0,True,0.03396800142294664,0.04116632540295169,0.03396800142294664,0.18571497148231103,0.058248364851520115,0.0667915172063009,0.04116632540295169
0,3,False,0.032873717891902327,0.028688974677656236,0.032873717891902327,0.17138574522846162,0.07312285772123898,0.028688974677656236,0.05123726769848143
0,0,True,0.023972474262666486,0.031782587471957544,0.023972474262666486,0.301584810275252,0.04893754952945181,0.05438428343328262,0.031782587471957544
0,0,True,0.00929099047923358,0.05448144983871815,0.00929099047923358,0.05448144983871815,,,
0,0,True,0.01544273025204753,0.030743211236969513,0.01544273025204753,0.11847514089398195,0.0479156025637759,0.05325712703581253,0.030743211236969513
0,4,False,0.09421863021497481,0.03275984475698083,0.09421863021497481,0.12748393963747962,0.048925908194456864,0.05328620996854032,0.03275984475698083
0,3,False,0.05587499514234795,0.03188297204924196,0.05587499514234795,0.09275196730884608,0.071171509738857,0.03188297204924196,0.04922727760312192
0,4,False,0.03766314368957813,0.03221887956059445,0.03766314368957813,0.08108922486289377,0.04865650744300325,0.05293404248275981,0.03221887956059445
0,0,True,0.05704680939655167,0.05825400450823583,0.05704680939655167,0.4307204478533283,0.05928175901655456,0.08183962087639075,0.05825400450823583
0,0,True,0.23250722984249436,0.2974084211902101,0.23250722984249436,0.2974084211902101,,,
0,4,False,0.030544501284021395,0.026705125195206514,0.030544501284021395,0.0798477802254133,0.04100746942224626,0.0424651152283999,0.026705125195206514
0,1,False,0.05036990008505569,0.03765637523424546,0.05036990008505569,0.03765637523424546,,,
0,0,True,0.02746922478578719,0.037949021941400374,0.02746922478578719,0.20285962368588148,0.06202778920623586,0.05660006189219432,0.037949021941400374
0,3,False,0.0685566071980979,0.011126386317150632,0.0685566071980979,0.09927075558066291,0.0752688069934192,0.011126386317150632,0.05127869041261958
0,3,False,0.05137237624983715,0.016244398042074712,0.05137237624983715,0.33177286538418493,0.07208443574881941,0.016244398042074712,0.048112528022495
0,4,False,0.036796862538580416,0.025678747681992905,0.036796862538580416,0.08035659767981798,0.04196532500013527,0.04676500775751537,0.025678747681992905
0,0,True,0.0097655749833757,0.05498308375341353,0.0097655749833757,0.05498308375341353,,,
0,0,True,0.011804359041544515,0.04352166118937849,0.011804359041544515,0.04352166118937849,,,
0,0,True,0.013044953473824668,0.031764662051869653,0.013044953473824668,0.08574868667774252,0.0489166038991124,0.05435482231753031,0.031764662051869653
0,0,True,0.012246206839333635,0.04607500170498,0.012246206839333635,0.04607500170498,,,
0,4,False,0.0275486223004576,0.024718915126646028,0.0275486223004576,0.08025720008537657,0.04305001097937872,0.048989963791180736,0.024718915126646028
0,0,True,0.03393489832953592,0.03605486351027909,0.03393489832953592,0.08537723445952022,0.05469146305491484,0.05287282876340083,0.03605486351027909
0,0,True,0.021237728523400515,0.027609390594274127,0.021237728523400515,0.0871808489980593,0.046748741116654974,0.05632186663557642,0.027609390594274127
0,0,True,0.02071594540139985,0.027723045951522206,0.02071594540139985,0.07347968171523159,0.0440010115375686,0.05005969060134779,0.027723045951522206
0,3,False,0.031415367347591774,0.016249381954169726,0.031415367347591774,0.16292963409217578,0.0721117349120192,0.016249381954169726,0.04813072618421219
0,0,True,0.2263922691907745,0.3213543585821405,0.2263922691907745,0.3213543585821405,,,
0,0,True,0.013493700912780515,0.059567232988314824,0.013493700912780515,0.059567232988314824,,,
0,4,False,0.03202537417837423,0.027997588586548626,0.03202537417837423,0.38725197035639947,0.03411734188861231,0.05287282876340083,0.027997588586548626
0,4,False,0.04318977577276977,0.039942751077655804,0.04318977577276977,0.08359242187299525,0.04692790353776586,0.05221634385060081,0.039942751077655804
0,0,True,0.014738911937479024,0.035886572175603405,0.014738911937479024,0.08332908803856459,0.056973908137564686,0.050055268289306315,0.035886572175603405
0,4,False,0.08017598794959221,0.029739683710667368,0.08017598794959221,0.11417498446393036,0.04693554485276071,0.052188890224537834,0.029739683710667368
0,3,False,0.03265957383417525,0.0131776190388662,0.03265957383417525,0.21711708325014833,0.0680532450505472,0.0131776190388662,0.04503700290404051
0,0,True,0.010958409764340989,0.053025333856651216,0.010958409764340989,0.053025333856651216,,,
0,0,True,0.008565070545665498,0.032608307263846656,0.008565070545665498,0.032608307263846656,0.715639434192522,,0.7732286506256536
0,0,True,0.030668055455959117,0.034827813225738316,0.030668055455959117,0.034827813225738316,,,
0,0,True,0.01641146857622022,0.031782587471957544,0.01641146857622022,0.12195162111596076,0.04994156593107461,0.053285381892042856,0.031782587471957544
0,4,False,0.03399912478045742,0.016229819366663595,0.03399912478045742,0.09056648496882515,0.03449438566827649,0.054659415416388545,0.016229819366663595
0,0,True,0.20504449223230503,0.29743294842981643,0.20504449223230503,0.3366705039816634,0.3166399408371372,0.3202932083732648,0.29743294842981643
0,0,True,0.011470238449223537,0.05812407539188315,0.011470238449223537,0.05812407539188315,,,
0,4,False,0.033972332159513716,0.02994754367847332,0.033972332159513716,0.38885205607144313,0.03606530691098407,0.05502442467663811,0.02994754367847332
0,4,False,0.039989901252981915,0.024731130975778896,0.039989901252981915,0.3198334963074029,0.04502398034079372,0.04580261753472299,0.024731130975778896
0,0,True,0.020411505427960615,0.031782587471957544,0.020411505427960615,0.17093952064819182,0.04893754952945181,0.05438428343328262,0.031782587471957544
0,0,True,0.026436747953597482,0.03006210024154405,0.026436747953597482,0.07884979947864909,0.04643906159133746,0.05066459496389235,0.03006210024154405
0,4,False,0.06410560341118542,0.03561882369948935,0.06410560341118542,0.10327718988136883,0.04593483031695498,0.05344502734449362,0.03561882369948935
0,0,True,0.027593058053782375,0.03173315451230289,0.027593058053782375,0.07761321986616215,0.04883217151441408,0.050991613440273975,0.03173315451230289
0,0,True,0.013187949797856894,0.030743211236969513,0.013187949797856894,0.10010211749841735,0.0479156025637759,0.05325712703581253,0.030743211236969513
0,0,True,0.01588872030073718,0.0300668764852091,0.01588872030073718,0.10195642247348888,0.05046113593892417,0.050587555468652186,0.0300668764852091
0,0,True,0.02942430244353472,0.03688350702656439,0.02942430244353472,0.20908456305336853,0.058936766446083234,0.055465109088336025,0.03688350702656439
0,0,True,0.022470578896084656,0.02666689126094874,0.022470578896084656,0.07287270264708548,0.03706656232111956,0.045640004749888496,0.02666689126094874
1,1,True,0.044284664384779016,0.0685418847835399,0.0685418847835399,0.044284664384779016,,,
1,1,True,0.09596042165094681,0.11182422755217325,0.11182422755217325,0.09596042165094681,,,
1,1,True,0.8532395899905891,0.9338463847557992,,0.8532395899905891,0.9338463847557992,,0.9557547697093037
1,2,False,0.2221386784219204,0.010869755476925091,0.014556208398839815,0.2221386784219204,0.010869755476925091,0.07576156595508235,0.029344760940138853
1,1,True,0.06938054601508545,0.09139057295555471,0.09139057295555471,0.06938054601508545,,,
1,3,False,0.3744152968122815,0.028700586005119762,0.052051885861958504,0.3744152968122815,0.057499517869245356,0.028700586005119762,0.053182492688616384
1,1,True,0.5686923847301787,0.5895287329304628,0.5895287329304628,0.5686923847301787,,,
1,0,False,0.13562866837305504,0.0160300332379129,0.0160300332379129,0.13562866837305504,,,
1,4,False,0.3858401492722344,0.009732610619375897,0.014652751463822389,0.3858401492722344,0.02956047640565747,0.03473782090670659,0.009732610619375897
1,0,False,0.023149411117349552,0.01938781435828119,0.01938781435828119,0.023149411117349552,,,
1,0,False,0.2938594172866932,0.015099422657392756,0.015099422657392756,0.2938594172866932,0.05817044637889373,0.0348817785470388,0.02407804324265664
1,0,False,0.030961391998378728,0.015300456476093136,0.015300456476093136,0.030961391998378728,,,
1,1,True,0.12849859469745423,0.18764378048772942,0.18764378048772942,0.12849859469745423,,,
1,0,False,0.03260451868233183,0.013734684778322997,0.013734684778322997,0.03260451868233183,0.25732219600391,,
1,4,False,0.037053986076860924,-0.0,0.05666434265350156,0.037053986076860924,0.16236802926432092,,-0.0
1,3,False,0.3762236170473757,0.025605164272731126,0.04676500775751537,0.3762236170473757,0.0521364660579729,0.025605164272731126,0.04893892422556701
1,0,False,0.34341056386758895,0.011905011867217591,0.011905011867217591,0.34341056386758895,0.011905011867217591,0.08334739549695715,0.011905011867217591
1,1,True,0.13528224450778342,0.22119817703776817,0.22119817703776817,0.13528224450778342,,0.9735040083946399,
1,3,False,0.37913859892785884,0.025578961710443857,0.04347668272971304,0.37913859892785884,0.04240141349809873,0.025578961710443857,0.04347668272971304
1,0,False,0.34259256362058993,0.01595489432404941,0.01595489432404941,0.34259256362058993,0.01595489432404941,0.09439728056121377,0.01595489432404941
1,1,True,0.01497346970869886,0.03880101524388533,0.03880101524388533,0.01497346970869886,,,
1,0,False,0.019138490482897084,0.01731163040541138,0.01731163040541138,0.019138490482897084,,,
1,1,True,0.1322631221568502,0.14295986384993117,0.14295986384993117,0.1322631221568502,,,
1,1,True,0.01928845687454296,0.036259354119592496,0.036259354119592496,0.01928845687454296,,,
1,0,False,0.045514008458847746,0.045514008458847746,0.045514008458847746,0.045514008458847746,0.25732219600391,,0.058891517828191756
1,1,True,0.020695159966363286,0.022936598238143327,0.022936598238143327,0.020695159966363286,,,
1,0,False,0.2585184418826346,0.02348602538995896,0.02348602538995896,0.2585184418826346,0.05085511763224933,0.10252635192890819,0.02348602538995896
1,1,True,0.07413726087361928,0.08973077650104498,0.08973077650104498,0.07413726087361928,,,
1,4,False,0.4743152993045838,0.028062437789895978,0.028070880419103293,0.4743152993045838,0.0369170780236162,0.0760373823187322,0.028062437789895978
1,1,True,0.015630670910293992,0.01888918523134619,0.01888918523134619,0.015630670910293992,,,
1,2,False,0.4342051390126619,0.06809805561205803,0.14162704277629898,0.4342051390126619,0.06809805561205803,0.18378407889820256,0.06809805561205803
1,0,False,0.04884669346716324,0.02621839767310276,0.02621839767310276,0.04884669346716324,0.2412702240108967,,0.9417012706052001
1,0,False,0.016803274531691958,0.01475828190592945,0.01475828190592945,0.016803274531691958,,,
1,4,False,0.09620482749714013,0.034758813098537136,0.07900307433255371,0.09620482749714013,0.0568532797109875,0.056446884735159526,0.034758813098537136
1,1,True,0.06223380597735097,0.0953663816139349,0.0953663816139349,0.06223380597735097,0.41449617344483036,0.7815264373996089,0.7924629595876511
1,0,False,0.21536850034923832,0.14967344877014305,0.14967344877014305,0.21536850034923832,,,
1,0,False,0.5056393889054744,0.0325224159198062,0.0325224159198062,0.5056393889054744,0.04471917745284276,0.07012146527057245,0.0325224159198062
1,3,False,0.38639386026215355,0.006472582296018482,0.03263608598503395,0.38639386026215355,0.07642195365408891,0.006472582296018482,0.02791338861767924
1,0,False,0.03439175491211131,0.030384067316235584,0.030384067316235584,0.03439175491211131,,,
1,4,False,0.5244376910668086,0.022518164090780144,0.03408364474390365,0.5244376910668086,0.04344758001364705,0.038789561835076966,0.022518164090780144
1,0,False,0.032379653772093286,0.02976094928574325,0.02976094928574325,0.032379653772093286,,,
1,1,True,0.06571831041286674,0.08461585521967491,0.08461585521967491,0.06571831041286674,,,
1,0,False,0.022207736328621608,0.014033446809575016,0.014033446809575016,0.022207736328621608,,,
1,0,False,0.03470541048230605,0.03215166004660556,0.03215166004660556,0.03470541048230605,,,
1,1,True,0.0218429346707615,0.03749211932132163,0.03749211932132163,0.0218429346707615,,,
1,0,False,0.04773427292967712,0.022422941505897888,0.022422941505897888,0.04773427292967712,0.13874591020321533,,0.02978287262662599
1,0,False,0.026356575849769734,0.020087841061805226,0.020087841061805226,0.026356575849769734,,,
1,0,False,0.0382338376404928,0.035153844479853966,0.035153844479853966,0.0382338376404928,,,
1,4,False,0.10406324867247288,0.03993521561532912,0.07627524994696772,0.10406324867247288,0.056910421220771584,0.06197165946792542,0.03993521561532912
1,1,True,0.061346255306938664,0.08115066141261945,0.08115066141261945,0.061346255306938664,,,
1,0,False,0.020700115335699487,-0.0,-0.0,0.020700115335699487,0.25732219600391,,0.058891517828191756
1,1,True,0.06506321725043232,0.0958795152094063,0.0958795152094063,0.06506321725043232,,,
1,2,False,0.8504034903868429,0.8460144679463649,,0.8504034903868429,0.8460144679463649,,0.950212672770384
1,0,False,0.03496326980474965,0.029403153572357295,0.029403153572357295,0.03496326980474965,,,
1,1,True,0.04758547073389534,0.06491641037830342,0.06491641037830342,0.04758547073389534,,0.9764064446569988,
1,0,False,0.029633261184487898,0.02621288405302083,0.02621288405302083,0.029633261184487898,,,
1,0,False,0.040777808874959263,0.040591849182156074,0.040591849182156074,0.040777808874959263,,,
1,4,False,0.11036408192253405,0.02857920691997432,0.13427837238568702,0.11036408192253405,0.29793456666439827,,0.02857920691997432
1,1,True,0.07302530472133467,0.08866861097215903,0.08866861097215903,0.07302530472133467,,,
1,0,False,0.02836222572524819,0.0101718289313987,0.0101718289313987,0.02836222572524819,0.25732219600391,,
1,0,False,0.5776128067581766,-0.0,-0.0,0.5776128067581766,-0.0,0.07519133569193202,-0.0
1,1,True,0.64021960184802,0.6701366718937907,0.6701366718937907,0.64021960184802,,,
1,1,True,0.0346154182972791,0.0386901199974707,0.0386901199974707,0.0346154182972791,,,
1,2,False,0.33762936601547694,0.008113735334254753,0.1716124816310185,0.33762936601547694,0.008113735334254753,0.024644166464698792,0.008113735334254753
1,1,True,0.07781901296231675,0.10045118932389653,0.10045118932389653,0.07781901296231675,,,
1,0,False,0.034484771056692995,0.014563564392826163,0.014563564392826163,0.034484771056692995,0.25732219600391,,
1,4,False,0.04828991513605281,-0.0,0.021648402876662094,0.04828991513605281,0.3150786395648321,,-0.0
1,0,False,0.03192568715062787,0.02941618196160719,0.02941618196160719,0.03192568715062787,,,
1,3,False,0.37380708263991047,0.020385910200769398,0.04133890295855688,0.37380708263991047,0.04670162993952095,0.020385910200769398,0.04352175314271195
1,0,False,0.2585258058818277,0.02044493297640994,0.02044493297640994,0.2585258058818277,0.02044493297640994,0.032316009127345176,0.04172474018580793
1,0,False,0.028396753993064308,0.010492150580145562,0.010492150580145562,0.028396753993064308,,,
1,1,True,0.14790938761604777,0.21456001105839925,0.21456001105839925,0.14790938761604777,,,
1,0,False,0.018802694371329847,0.01236660642253726,0.01236660642253726,0.018802694371329847,,,
1,1,True,0.025309579823952315,0.04242663454024406,0.04242663454024406,0.025309579823952315,,,
1,1,True,0.07294780603826888,0.1004148872109098,0.1004148872109098,0.07294780603826888,,,
1,1,True,0.07211733133925427,0.08187425233935042,0.08187425233935042,0.07211733133925427,,,
1,0,False,0.041669843590188556,0.03975598464106096,0.03975598464106096,0.041669843590188556,,,
1,0,False,0.22371631809544218,0.16864572209981027,0.16864572209981027,0.22371631809544218,,,
1,1,True,0.06131470130914586,0.08079146161021267,0.08079146161021267,0.06131470130914586,,,
1,0,False,0.03167220891698556,0.015647055731314228,0.015647055731314228,0.03167220891698556,,,
1,0,False,0.023433979294107107,0.020016357993194213,0.020016357993194213,0.023433979294107107,,,
1,0,False,0.03398750028067509,0.02882679621544543,0.02882679621544543,0.03398750028067509,,,
1,0,False,0.03956790204339192,0.035081309654563256,0.035081309654563256,0.03956790204339192,,,
1,3,False,0.36360087455259893,0.022490048992173536,0.042308371473784016,0.36360087455259893,0.04675016918486394,0.022490048992173536,0.04356691713648562
1,1,True,0.052734255790973864,0.0671405843245503,0.0671405843245503,0.052734255790973864,,,
1,0,False,0.3948532587080005,0.04028703184099906,0.04028703184099906,0.3948532587080005,0.05070411629597382,0.06851259814163385,0.04607589930750283
1,0,False,0.044636518025217765,0.033938471713838333,0.033938471713838333,0.044636518025217765,,,
1,4,False,0.5005492596127922,0.004771397180750477,0.006366298921760216,0.5005492596127922,0.011181745452240837,0.04256142004023217,0.004771397180750477
1,0,False,0.035729741047173295,0.03161707185922818,0.03161707185922818,0.035729741047173295,,,
1,1,True,0.09420071458185156,0.12156259587334922,0.12156259587334922,0.09420071458185156,,,
1,1,True,0.015255808318103069,0.03182607010977145,0.03182607010977145,0.015255808318103069,,,
1,1,True,0.018554834532652723,0.019239882620935116,0.019239882620935116,0.018554834532652723,,,
1,1,True,0.02628100856312138,0.028837494550012038,0.028837494550012038,0.02628100856312138,,,
1,1,True,0.0842569114919827,0.09458299165263317,0.09458299165263317,0.0842569114919827,,,
1,0,False,0.29998674119048685,0.03842732716327063,0.03842732716327063,0.29998674119048685,0.09312706488264831,0.05290026204683835,0.04693654149028407
1,0,False,0.07956922215466078,0.007669131137315589,0.007669131137315589,0.07956922215466078,0.06714669797281847,0.022240225119148294,0.01917013920544428
1,0,False,0.01869597060176067,0.011625142869482758,0.011625142869482758,0.01869597060176067,,,
1,0,False,0.03428920632392923,0.018073599169332256,0.018073599169332256,0.03428920632392923,0.2737436495563213,,
1,0,False,0.04340651347489755,0.03295198858785358,0.03295198858785358,0.04340651347489755,,,
1,1,True,0.02402531335819559,0.03068153955305653,0.03068153955305653,0.02402531335819559,,,
1,1,True,0.8717602258307635,0.9338463847557992,,0.8717602258307635,0.9338463847557992,,0.9557547697093037
1,1,True,0.2160500742191473,0.25378179092605435,0.25378179092605435,0.2160500742191473,,,
1,0,False,0.01641591018090683,0.012857638843200271,0.012857638843200271,0.01641591018090683,,,
1,0,False,0.021558890405075696,0.01873002854514625,0.01873002854514625,0.021558890405075696,,,
1,0,False,0.03787782343945366,0.03351291983638397,0.03351291983638397,0.03787782343945366,,,
1,0,False,0.43660811072338573,0.1710692924327894,0.1710692924327894,0.43660811072338573,0.2196296511609271,0.19220923570204268,0.18824850729902315
1,1,True,0.020537643431730736,0.037011730030224496,0.037011730030224496,0.020537643431730736,,,
1,1,True,0.2761728336861229,0.6070585656722723,0.6070585656722723,0.2761728336861229,0.933846223520726,,0.9720885225335353
1,0,False,0.042165794762497585,0.037077880075735314,0.037077880075735314,0.042165794762497585,,,
1,1,True,0.1036785847328639,0.129390543177752,0.129390543177752,0.1036785847328639,,,
1,1,True,0.017605853219113267,0.04552938040775612,0.04552938040775612,0.017605853219113267,,,
1,0,False,0.02922811554962007,0.014454750874256154,0.014454750874256154,0.02922811554962007,0.6631221922356856,,
1,1,True,0.080337902565756,0.11960720434664941,0.11960720434664941,0.080337902565756,,,
1,1,True,0.06771479143587458,0.088236058914158,0.088236058914158,0.06771479143587458,,,
1,1,True,0.04064905782390224,0.05606143430467782,0.05606143430467782,0.04064905782390224,,,
1,0,False,0.03814653537828292,0.03500327645144006,0.03500327645144006,0.03814653537828292,,,
1,1,True,0.015804069405194406,0.032449400330899575,0.032449400330899575,0.015804069405194406,,,
1,0,False,0.028915272542611628,0.024978950426706302,0.024978950426706302,0.028915272542611628,,,
1,0,False,0.05114145377275289,-0.0,-0.0,0.05114145377275289,0.25732219600391,,0.058891517828191756
2,0,False,0.023292877207309357,0.021137701456748245,0.021137701456748245,0.3795449133851372,0.023292877207309357,0.04525602831192087,0.023324703832015795
2,2,True,0.027706922604625615,0.0287673818732626,0.0287673818732626,0.39892796883623255,0.027706922604625615,0.0490670469759548,0.029844794642286055
2,4,False,0.029084193938488004,0.026052425600380985,0.0300922598204726,0.38941718361918837,0.029084193938488004,0.047480866495194486,0.026052425600380985
2,0,False,0.034964366775150656,0.02763075507372646,0.02763075507372646,0.3716337479182602,0.034964366775150656,0.053230558398249334,0.0318502075473998
2,0,False,0.038188476123259096,0.0276517587652559,0.0276517587652559,0.37331492517406545,0.038188476123259096,0.04568741539187246,0.031869615370313874
2,0,False,0.023464266740485698,0.022425844768066125,0.022425844768066125,0.38146864971540195,0.023464266740485698,0.045681583714970185,0.024531329953267234
2,0,False,0.03183687872105245,0.022445821194598092,0.022445821194598092,0.36586167014517407,0.03183687872105245,0.04570486738389312,0.026639782876611607
2,0,False,0.020362879478916584,0.017265576184812417,0.017265576184812417,0.3730302517183778,0.020362879478916584,0.04031688421164728,0.019340383166035292
2,0,False,0.04032924889156291,0.033969675973776245,0.033969675973776245,0.3945585081209973,0.04032924889156291,0.052199613656828535,0.04034016208523671
2,0,False,0.027675994407049192,0.025577355439379196,0.025577355439379196,0.38445061136011716,0.027675994407049192,0.049024392676330894,0.02772671779787439
2,0,False,0.022445821194598092,0.02036897501025141,0.02036897501025141,0.38030310721956706,0.022445821194598092,0.04358955655787901,0.022480079939955013
2,2,True,0.03689517609715272,0.038138479104942814,0.04003023269280552,0.3776904744296611,0.03689517609715272,0.05314121091156962,0.038138479104942814
2,0,False,0.046688986823362325,0.033942166100432304,0.033942166100432304,0.3852120743373993,0.046688986823362325,0.05431059693511282,0.03925571238757544
2,2,True,0.02139356660832198,0.023456774064031592,0.023456774064031592,0.3744152968122815,0.02139356660832198,0.045640004749888496,0.025555921551337804
2,0,False,0.02763075507372646,0.025540887872372447,0.025540887872372447,0.38397959437219653,0.02763075507372646,0.0489137693441785,0.0276622791894929
2,4,False,0.04512268466189072,0.025433985032988212,0.033007554513445295,0.42219726302909966,0.04512268466189072,0.05744636462609901,0.025433985032988212
2,0,False,0.02976754545766468,0.025565840059474945,0.025565840059474945,0.3764367538887849,0.02976754545766468,0.04899423903223929,0.027708216794868276
2,0,False,0.04349957911022849,0.029750397732925867,0.029750397732925867,0.38381346929106824,0.04349957911022849,0.054357769118782845,0.03505096226422825
2,0,False,0.02561075609891778,0.02352876821398668,0.02352876821398668,0.37256057351388366,0.02561075609891778,0.050090535992096535,0.025619417644855244
2,0,False,0.0234781543542346,0.021399149279902788,0.021399149279902788,0.37505553490579246,0.0234781543542346,0.04464638554846235,0.023510920373355025
2,0,False,0.027715856774873232,0.02249464057604166,0.02249464057604166,0.37570333922182986,0.027715856774873232,0.04691133461346281,0.022499738730107216
2,0,False,0.034943713798087486,0.0265709773048713,0.0265709773048713,0.3810404818487873,0.034943713798087486,0.05207048918036216,0.030762453362624037
2,0,False,0.02561075609891778,0.022490345121813377,0.022490345121813377,0.3780223691239932,0.02561075609891778,0.045732365074442186,0.027708520872031874
2,0,False,0.035839209495580934,0.02764607100849742,0.02764607100849742,0.420932349202444,0.035839209495580934,0.05326127745127775,0.03188297204924196
2,0,False,0.03296174185655754,0.025626174820822755,0.025626174820822755,0.41734328265246706,0.03296174185655754,0.0501599435859449,0.02672193571821985
2,0,False,0.030803029700657056,0.025567010910822745,0.025567010910822745,0.3740225971306763,0.030803029700657056,0.04469325650516183,0.025629806562056347
2,0,False,0.028678973486990538,0.026584729587614438,0.026584729587614438,0.38191126113361995,0.028678973486990538,0.04782681239436865,0.0276622791894929
2,0,False,0.028670585645161145,0.02450484984239794,0.02450484984239794,0.3778256463499354,0.028670585645161145,0.04785078451426924,0.026625573852643275
2,4,False,0.043318398665589994,0.038204676114368306,0.04849115769350017,0.37998772092871125,0.043318398665589994,0.048584605142407804,0.038204676114368306
2,0,False,0.023470412792668663,0.02139356660832198,0.02139356660832198,0.381688152313471,0.023470412792668663,0.04462261587910659,0.023498411286864012
2,0,False,0.02762346484360375,0.024495196036451172,0.024495196036451172,0.38513839095942476,0.02762346484360375,0.04889028705143523,0.027650165450713846
2,0,False,0.04232312545275009,0.03390446075181579,0.03390446075181579,0.3831636195494008,0.04232312545275009,0.05649877562495171,0.03607868570996012
2,2,True,0.020529783950840368,0.027090986876007014,0.027090986876007014,0.4259766572610465,0.020529783950840368,0.05911647053235391,0.029346282449800438
2,0,False,0.0360236892052933,0.031799799249326896,0.031799799249326896,0.37341946410205884,0.0360236892052933,0.05425389876353236,0.032869938042280035
2,0,False,0.0318502075473998,0.02450484984239794,0.02450484984239794,0.3872130704067633,0.0318502075473998,0.045681583714970185,0.026625573852643275
2,0,False,0.04261630844084015,0.038375891162122235,0.038375891162122235,0.3931070812137586,0.04261630844084015,0.05461252181245079,0.03946817839104036
2,0,False,0.03292003728392094,0.02350337544073136,0.02350337544073136,0.4133995890210173,0.03292003728392094,0.05222170140328389,0.026647051393930112
2,0,False,0.06014344658487905,0.05247367566506665,0.05247367566506665,0.45944737780554457,0.06014344658487905,0.08615387965378621,0.06246290913050982
2,0,False,0.029736248092312127,0.027659064172109754,0.027659064172109754,0.3715131214224161,0.029736248092312127,0.0468381925126551,0.028708382500570388
2,0,False,0.050949205846396284,0.03811832763741684,0.03811832763741684,0.37619342563377717,0.050949205846396284,0.05970216460320357,0.04028356587767854
2,0,False,0.02251474129898737,0.0142416489968762,0.0142416489968762,0.3843870985696074,0.02251474129898737,0.04805394006137232,0.0215031874160615
2,0,False,0.03183687872105245,0.029729394041396396,0.029729394041396396,0.38513839095942476,0.03183687872105245,0.053285381892042856,0.031881713512425205
2,0,False,0.026776403470209452,0.018424672712794646,0.018424672712794646,0.40467876606677483,0.026776403470209452,0.044887004675830164,0.023656614248520186
2,0,False,0.03906017394882681,0.02866381439495404,0.02866381439495404,0.38315948036250236,0.03906017394882681,0.05534918945344168,0.03392702088844779
2,2,True,0.04624599300378973,0.05189796337392993,0.05189796337392993,0.4860086326485258,0.04624599300378973,0.08257043016039135,0.05423858306795217
2,0,False,0.020379115216184317,0.01011828380037088,0.01011828380037088,0.37512324540915964,0.020379115216184317,0.04248933051249391,0.018324894509669797
2,0,False,0.021668621508942165,0.015405220898663896,0.015405220898663896,0.378556215808525,0.021668621508942165,0.04414788289236956,0.019602536595675783
2,0,False,0.031857882412581896,0.023488231310967105,0.023488231310967105,0.38611269876854726,0.031857882412581896,0.048989963791180736,0.025603554134105626
2,0,False,0.025555921551337804,0.023470412792668663,0.023470412792668663,0.38030310721956706,0.025555921551337804,0.04462261587910659,0.023498411286864012
2,0,False,0.033907283928982894,0.025540887872372447,0.025540887872372447,0.3764367538887849,0.033907283928982894,0.04995543751789006,0.027639656349195674
2,2,True,0.016466798152253118,0.019582375663038276,0.019582375663038276,0.4191407448068578,0.016466798152253118,0.04626412651637113,0.019592979051485188
2,0,False,0.04560264093389142,0.033942166100432304,0.033942166100432304,0.3773153295215841,0.04560264093389142,0.05758266391581601,0.03712351299434668
2,0,False,0.030749378694920983,0.02865513479554494,0.02865513479554494,0.38631634190748343,0.030749378694920983,0.052090789198144666,0.030771429072011115
2,0,False,0.025509720013540953,0.017249373367680523,0.017249373367680523,0.4221869306516079,0.025509720013540953,0.0487976123567141,0.0182821310900369
2,0,False,0.03562392820681019,0.03345968328642872,0.03345968328642872,0.3747538197248311,0.03562392820681019,0.05748321840253051,0.035634492940053775
2,0,False,0.029729394041396396,0.026592535547638282,0.026592535547638282,0.3812527579742795,0.029729394041396396,0.0489137693441785,0.02976754545766468
2,0,False,0.03915873455194288,0.030742008399897755,0.030742008399897755,0.3778256463499354,0.03915873455194288,0.05528776828771845,0.03389409939076963
2,2,True,0.02246874762730796,0.025573740069636218,0.025573740069636218,0.37555500004201764,0.02246874762730796,0.048989963791180736,0.025603554134105626
2,0,False,0.02767851492676062,0.023494390091502323,0.023494390091502323,0.373525746568086,0.02767851492676062,0.0468381925126551,0.025616690409215926
2,0,False,0.02767851492676062,0.026605733279143864,0.026605733279143864,0.38683428545116666,0.02767851492676062,0.047854266020431635,0.028730040025150047
2,0,False,0.0227812381867808,0.01960448991001384,0.01960448991001384,0.3784643639896147,0.0227812381867808,0.04528077393802893,0.023839439639969616
2,0,False,0.02834210535722883,0.026112447258846386,0.026112447258846386,0.3767326164396701,0.02834210535722883,0.047587027381509515,0.027265302260665453
2,0,False,0.025009873868482916,0.016581101298666245,0.016581101298666245,0.3766481818759332,0.025009873868482916,0.04336375045811038,0.021860981406167365
2,0,False,0.05089617315396499,0.04660225525801498,0.04660225525801498,0.38045042435324306,0.05089617315396499,0.06948636562222524,0.048763035258973186
2,0,False,0.025573740069636218,0.020376188069466162,0.020376188069466162,0.37470574934539763,0.025573740069636218,0.04356691713648562,0.02351150087281862
2,0,False,0.04355905732266092,0.02873785190059111,0.02873785190059111,0.41702367974784427,0.04355905732266092,0.057667755822294234,0.035087143569154794
2,0,False,0.04668384760250867,0.04132523405139004,0.04132523405139004,0.4249531136715926,0.04668384760250867,0.056446884735159526,0.041389845996785614
2,4,False,0.0313643585612617,0.02966190358003675,0.03549471881965001,0.37875962507369954,0.0313643585612617,0.04500582116907431,0.02966190358003675
2,0,False,0.025573740069636218,0.023494390091502323,0.023494390091502323,0.3863469618747549,0.025573740069636218,0.04792633222395283,0.026667110963621798
2,0,False,0.03501570260441976,0.0245428768546479,0.0245428768546479,0.3806584620412785,0.03501570260441976,0.052179226506718794,0.030825682034830194
2,0,False,0.024520907599745304,0.020362879478916584,0.020362879478916584,0.3764367538887849,0.024520907599745304,0.043565304046214726,0.022467078658113093
2,0,False,0.030121265386060896,0.021676619562414342,0.021676619562414342,0.36680467578634735,0.030121265386060896,0.038681455717814756,0.023814752500179927
2,0,False,0.03709768190378748,0.025565840059474945,0.025565840059474945,0.38076055771130585,0.03709768190378748,0.050029437198747126,0.02978347908670525
2,0,False,0.016255644026480262,0.011137912453635455,0.011137912453635455,0.36654574729067846,0.016255644026480262,0.03823416436127751,0.014208286156336267
2,0,False,0.04346663410204134,0.02972861390771992,0.02972861390771992,0.3845749851838109,0.04346663410204134,0.05431059693511282,0.033951236172541796
2,0,False,0.032948863366550674,0.0276874313461852,0.0276874313461852,0.39362215116934685,0.032948863366550674,0.052270965462549696,0.030871490130449413
2,0,False,0.026547614903847723,0.02550377318860575,0.02550377318860575,0.3818456947386712,0.026547614903847723,0.04678946650766573,0.026585294420838273
2,0,False,0.04125464057637429,0.035215799736213374,0.035215799736213374,0.3526533897382717,0.04125464057637429,0.05752239995106262,0.04090289272661789
2,0,False,0.031902419426414905,0.024554998132643148,0.024554998132643148,0.3692435860700417,0.031902419426414905,0.04149608004620073,0.026680227116462257
2,0,False,0.03503644256023133,0.02247166178522016,0.02247166178522016,0.38455251201055135,0.03503644256023133,0.052245486432095936,0.027719086784503476
2,0,False,0.034884093439660493,0.02767441109942904,0.02767441109942904,0.3873402555264688,0.034884093439660493,0.05656521954313724,0.032948863366550674
2,0,False,0.05431059693511282,0.0414140612808796,0.0414140612808796,0.3815490542913628,0.05431059693511282,0.06315060620319898,0.04575241575590115
2,0,False,0.024545989393005653,0.020376188069466162,0.020376188069466162,0.4120904690321423,0.024545989393005653,0.04681368179175974,0.020406712644750566
2,0,False,0.024524257665312084,0.021433239812800594,0.021433239812800594,0.371108611528384,0.024524257665312084,0.048970365551736686,0.027696369722390726
2,0,False,0.04547240190478925,0.03457963905437665,0.03457963905437665,0.38171962143876803,0.04547240190478925,0.05542849725433312,0.037889038135030265
2,0,False,0.029731614902228184,0.022443110427939096,0.022443110427939096,0.3799371964406774,0.029731614902228184,0.049966491933851054,0.0276517587652559
2,0,False,0.04385729000166563,0.034238310019704246,0.034238310019704246,0.39627541707428143,0.04385729000166563,0.06024873775299576,0.04064865423423495
2,0,False,0.02971203280821812,0.023470412792668663,0.023470412792668663,0.3826021804194541,0.02971203280821812,0.053230558398249334,0.028688974677656236
2,0,False,0.04235330592059094,0.029701160281656903,0.029701160281656903,0.3700652527796223,0.04235330592059094,0.05096492891214859,0.033916335009873094
2,0,False,0.03393473755504592,0.02868802967904803,0.02868802967904803,0.3810395157273046,0.03393473755504592,0.053196670879397535,0.03183930061444924
2,0,False,0.02761778890884202,0.025532280150172938,0.025532280150172938,0.3821379716640483,0.02761778890884202,0.04886848056808015,0.027639656349195674
2,0,False,0.035064008853912136,0.020420733655775368,0.020420733655775368,0.37977317073116534,0.035064008853912136,0.04795408899279737,0.026683863565365524
2,0,False,0.032927816823502695,0.026640233292381726,0.026640233292381726,0.3776010322745742,0.032927816823502695,0.05114816489929648,0.029783781194932375
2,0,False,0.015229738036981352,0.013180816214925624,0.013180816214925624,0.37751082786227075,0.015229738036981352,0.0404004427012606,0.019388056177213363
2,0,False,0.03189797818550902,0.023531731939614924,0.023531731939614924,0.42439542279056697,0.03189797818550902,0.0533079390102849,0.029811573394168997
2,0,False,0.029773050067098968,0.01936284347978488,0.01936284347978488,0.382272676535082,0.029773050067098968,0.04467271512074748,0.023526190096366435
2,0,False,0.028718404523418162,0.023488231310967105,0.023488231310967105,0.40973993998605623,0.028718404523418162,0.04894122297024149,0.027704397560955628
2,0,False,0.029729394041396396,0.02763075507372646,0.02763075507372646,0.38559451904200126,0.029729394041396396,0.05000309439378962,0.0276622791894929
2,0,False,0.03810610141785705,0.028658663010111586,0.028658663010111586,0.38893419485037395,0.03810610141785705,0.0542136352876281,0.033907283928982894
2,2,True,0.019717834202959583,0.02067735416925276,0.03219230086089697,0.36532042451132174,0.019717834202959583,0.04035678667555803,0.02067735416925276
2,0,False,0.03282313644978031,0.021349753280130536,0.021349753280130536,0.42006668534100255,0.03282313644978031,0.05641186935102198,0.022411369642898443
2,0,False,0.025529820736486693,0.024499220828945355,0.024499220828945355,0.3892619693007454,0.025529820736486693,0.05203654704095098,0.024520907599745304
2,0,False,0.028135887358226103,0.021786594523307754,0.021786594523307754,0.39019251772858965,0.028135887358226103,0.04763323913977473,0.026026397032016608
2,0,False,0.02763075507372646,0.02139356660832198,0.02139356660832198,0.3762236170473757,0.02763075507372646,0.041389845996785614,0.023498411286864012
2,0,False,0.028758941426437805,0.024574485185125585,0.024574485185125585,0.3830027389324062,0.028758941426437805,0.04904341404240844,0.02878912983353728
2,0,False,0.02452989835439421,0.020375123060237886,0.020375123060237886,0.4097072847922013,0.02452989835439421,0.04568741539187246,0.02246874762730796
2,4,False,0.03148440178968443,0.03043250968397037,0.03592174467828478,0.39707879960800846,0.03148440178968443,0.0531790568642941,0.03043250968397037
2,2,True,0.023464266740485698,0.025532280150172938,0.025532280150172938,0.3778256463499354,0.023464266740485698,0.045640004749888496,0.027639656349195674
2,0,False,0.027642004192936054,0.022443110427939096,0.022443110427939096,0.37791267462682293,0.027642004192936054,0.044607501365157454,0.02452989835439421
2,0,False,0.03710356771752447,0.0266119433705524,0.0266119433705524,0.3753373427527962,0.03710356771752447,0.04891936998416302,0.02977103649114941
2,0,False,0.02300929436404662,0.018751810603643525,0.018751810603643525,0.41286563453020464,0.02300929436404662,0.04576290589706955,0.018780894941677326
2,0,False,0.0234781543542346,0.021399149279902788,0.021399149279902788,0.3805300421506276,0.0234781543542346,0.04464638554846235,0.023510920373355025
2,0,False,0.020376652967021437,0.018306256634005768,0.018306256634005768,0.37687371872748443,0.020376652967021437,0.04145562568023865,0.020409150052643574
2,0,False,0.021406319780681547,0.016249381954169726,0.016249381954169726,0.36985103401398606,0.021406319780681547,0.04143205590717232,0.018313368373185045
2,0,False,0.022430911378752177,0.020358369551167765,0.020358369551167765,0.37985999671191567,0.022430911378752177,0.0435427018523916,0.02245565804135331
2,4,False,0.029740499776045648,0.023487488238025243,0.027639656349195674,0.3886058316691271,0.029740499776045648,0.052161836345903205,0.023487488238025243
2,0,False,0.021877388421274485,0.011381794983904731,0.011381794983904731,0.3859073833500806,0.021877388421274485,0.04341596182714949,0.01661554094189295
2,0,False,0.03841327640340545,0.028374564948854666,0.028374564948854666,0.36021368740299675,0.03841327640340545,0.05139710043457296,0.03399918826852882
2,0,False,0.025565840059474945,0.0234781543542346,0.0234781543542346,0.3806267961031512,0.025565840059474945,0.04787642345747564,0.024556945859467046
2,0,False,0.05615633104160347,0.04197518925622329,0.04197518925622329,0.44108431463278863,0.05615633104160347,0.06954418558294567,0.046333286553491844
3,3,True,0.04120069917866255,0.14035760634863048,0.16018529037005003,0.3308820607736213,0.16054435502596334,0.04120069917866255,0.14035760634863048
3,3,True,0.015268361930040825,0.022947383406218883,0.05459123415453129,0.022947383406218883,0.07959644444186198,0.015268361930040825,0.09746563890412027
3,3,True,0.1585595285275657,0.24767779078604038,0.24767779078604038,0.45478961085404235,0.28692114742419206,0.1585595285275657,0.3096068223813626
3,1,False,-0.0,-0.0,0.09262391573901096,-0.0,0.19890424512714414,-0.0,0.14530417356792413
3,3,True,0.009091794464206519,0.051044762567501116,0.051044762567501116,0.3810404818487873,0.056471978237637666,0.009091794464206519,0.05106893973591306
3,3,True,0.019343138591878337,0.024227757140103858,0.04420639407254175,0.024227757140103858,0.04925152711921899,0.019343138591878337,0.07039038683119972
3,3,True,0.01739305804270777,0.04400771787402546,0.08142898642621328,0.04400771787402546,0.09123322212040141,0.01739305804270777,0.13249373396440323
3,3,True,0.021940318415531908,0.025640989493853746,0.040708886478916906,0.025640989493853746,0.05225303583277176,0.021940318415531908,0.06024262057437166
3,3,True,0.19279772189182864,0.21576155433883568,0.21576155433883568,0.4813901531294329,0.3057004010018817,0.19279772189182864,0.21923502208933085
3,1,False,0.04925152711921899,0.03659262312707404,0.144192216790418,0.03659262312707404,0.1300430735328131,0.04925152711921899,0.0887056718858917
3,3,True,0.023995189156571645,0.02892133737807746,0.05893128483533609,0.02892133737807746,0.06411267835310938,0.023995189156571645,0.07481847322641486
3,3,True,0.023384569188369977,0.02817232618173643,0.0621456894674972,0.02817232618173643,0.04738378764559355,0.023384569188369977,0.06723943426176848
3,3,True,0.015626271752052213,0.08125891351023057,0.08125891351023057,0.23351334599609896,0.12037179170947085,0.015626271752052213,0.0843000912009842
3,1,False,-0.0,-0.0,0.0714826348532436,-0.0,0.20939453942480518,-0.0,0.15274209960213112
3,3,True,0.00869587135593461,0.03530745122550237,0.06294028949268497,0.03530745122550237,0.08217342990658304,0.00869587135593461,0.12301244541371657
3,1,False,0.04881923478195797,0.02369851139723402,0.06072624702927168,0.02369851139723402,0.06717794944722563,0.04881923478195797,0.0806507575482244
3,3,True,0.009091794464206519,0.051044762567501116,0.051044762567501116,0.3810404818487873,0.056471978237637666,0.009091794464206519,0.05106893973591306
3,1,False,0.105700242531152,0.01659875604250325,0.12466960337979008,0.01659875604250325,0.16459848449495654,0.105700242531152,0.12531059910779266
3,3,True,0.02572369717482629,0.030952922484134823,0.04157091812417931,0.030952922484134823,0.052295725788108295,0.02572369717482629,0.06339687939303666
3,1,False,0.03725127110938806,0.017373330545014158,0.09902546919356375,0.017373330545014158,0.04148466442301764,0.03725127110938806,0.06196852210807592
3,1,False,0.12536479187734628,0.12519820230986528,0.1328069187160476,0.12519820230986528,0.15349641635238445,0.12536479187734628,0.1453398927874173
3,1,False,0.03554065094569561,0.017525577418784417,0.049226336373388545,0.017525577418784417,0.049284600000981234,0.03554065094569561,0.058853214043909974
3,1,False,-0.0,-0.0,0.17917756095167361,-0.0,0.13960493212336889,-0.0,0.10282072704115872
3,3,True,0.024422083220507713,0.03060570800075994,0.06911626092736146,0.03060570800075994,0.07582777109343179,0.024422083220507713,0.08984699362755484
3,4,False,0.18680572543152432,0.08647037770044877,0.1586913838420698,0.3368725569629563,0.15977211479638642,0.18680572543152432,0.08647037770044877
3,3,True,0.07079912289463644,0.09525034211002849,0.10744788315238651,0.5247213806858693,0.12060653731107324,0.07079912289463644,0.09525034211002849
3,3,True,0.01860908770014414,0.0708663077241453,0.0708663077241453,0.20796710795558543,0.07762855695647415,0.01860908770014414,0.08235122276717109
3,0,False,0.08643734605608547,0.07510478418125943,0.07510478418125943,0.5300658840500228,0.1435301185345761,0.08643734605608547,0.10750503254113689
3,3,True,-0.0,0.06328517914749587,0.06328517914749587,0.06328517914749587,0.2499146069182352,-0.0,0.2128096056386668
3,3,True,0.026365409587341997,0.07604365628609705,0.08649580480781228,0.27053835982444624,0.07604365628609705,0.026365409587341997,0.08425553184632434
3,1,False,0.03877911717293725,0.03852250066544025,0.09621014902806628,0.03852250066544025,0.10505993757776669,0.03877911717293725,0.11469834286870738
3,1,False,0.0367088610829112,0.02420820998020255,0.1300430735328131,0.02420820998020255,0.08839671745881758,0.0367088610829112,0.08927288095598719
3,3,True,0.04417320536867459,0.05944200216224653,0.07508329750133494,0.05944200216224653,0.09915090318909073,0.04417320536867459,0.1246952760374837
3,3,True,0.0156715781808673,0.04391794162977916,0.04391794162977916,0.04802916562258511,0.04806734303712672,0.0156715781808673,0.05656974507788806
3,1,False,0.05595895810199266,0.03640573182676582,0.06800948355646216,0.03640573182676582,0.08134360709754278,0.05595895810199266,0.09545990570169306
3,3,True,0.011127683093076515,0.05320567919852338,0.05320567919852338,0.3844814774630023,0.05864953146911769,0.011127683093076515,0.053230558398249334
3,3,True,0.0206958090139458,0.08048173363949251,0.08048173363949251,0.26337996903477295,0.08458745999790172,0.0206958090139458,0.08676880555847948
3,3,True,0.011628431082133617,0.04759829706785057,0.04759829706785057,0.04775495753141787,0.06620196478069318,0.011628431082133617,0.10595799624456001
3,3,True,0.09058162583015217,0.1383690475484578,0.14376042998865377,0.14898623666529215,0.1383690475484578,0.09058162583015217,0.13907519839531707
3,3,True,0.01265852834051381,0.01693205862974302,0.06555945717465032,0.01693205862974302,0.04752427384822293,0.01265852834051381,0.056669631665528554
3,3,True,0.07435812076110696,0.07435812076110696,0.10543886909627205,0.08199745843538077,0.09012771887127091,0.07435812076110696,0.07435812076110696
3,1,False,0.088366453249446,-0.0,0.1269359893071456,-0.0,0.14734698656727319,0.088366453249446,0.10840899626871515
3,1,False,0.0895287068891753,0.07614655378194261,0.16207405388051468,0.07614655378194261,0.13176174297229723,0.0895287068891753,0.08984604087599982
3,3,True,0.00890385076039508,0.013468585612104643,0.045652580795139897,0.013468585612104643,0.04098434642093594,0.00890385076039508,0.07960226842396513
3,3,True,0.012146014439985454,0.05425389876353236,0.05425389876353236,0.3858899318925663,0.05864953146911769,0.012146014439985454,0.05427658502889282
3,3,True,0.020544115670090447,0.024706682262581808,0.05028387215782335,0.024706682262581808,0.045936018674046425,0.020544115670090447,0.06368752625106036
3,1,False,0.04806734303712672,0.023635968581003475,0.1545406901374873,0.023635968581003475,0.11325020600970516,0.04806734303712672,0.08704811377198265
3,4,False,0.108748644039184,0.02299255662091169,0.19089739885116042,0.09596227770415326,0.09596227770415326,0.108748644039184,0.02299255662091169
3,3,True,0.04305750952096416,0.04850602162683903,0.08266411376667947,0.04850602162683903,0.08895594845879264,0.04305750952096416,0.08930727355291836
3,3,True,0.01596045472550619,0.07982825103553358,0.07982825103553358,0.26125363542306773,0.08559791822592357,0.01596045472550619,0.08382827236907167
3,4,False,0.05523743197537962,0.04773998117782975,0.07443817298016102,0.06292369543328993,0.06292369543328993,0.05523743197537962,0.04773998117782975
3,3,True,0.030303825436198646,0.0436587531922597,0.05721422316368491,0.10985698326223906,0.0436587531922597,0.030303825436198646,0.05289824268851486
3,3,True,0.012149133907976662,0.051044762567501116,0.05211278258853323,0.3810404818487873,0.05754699518996075,0.012149133907976662,0.051044762567501116
3,1,False,0.0520529635631566,0.0520529635631566,0.09978645778731793,0.0520529635631566,0.1330622013584713,0.0520529635631566,0.12565429498691233
3,1,False,0.032460297639271385,0.032460297639271385,0.17848448755725477,0.032460297639271385,0.10209620455287474,0.032460297639271385,0.10209620455287474
3,3,True,0.045912953246402786,0.06775354699842219,0.06775354699842219,0.13808792056930255,0.07679697840624225,0.045912953246402786,0.0861178107767031
3,3,True,0.01835671317815864,0.06977448408663886,0.06977448408663886,0.31072056784741614,0.07816715779982712,0.01835671317815864,0.07150356615735017
3,1,False,0.04823013309378111,0.01746849774599678,0.04749635970556887,0.01746849774599678,0.059997010808277546,0.04823013309378111,0.07308151886386431
3,1,False,0.037630065852877544,0.024808850546208707,0.11926930955909407,0.024808850546208707,0.09069010263911972,0.037630065852877544,0.09161460775111244
3,2,False,0.03211557167429947,0.015853975821519463,0.03204899358603696,0.10509384068463501,0.015853975821519463,0.03211557167429947,0.028000322106041756
3,1,False,0.08086951708620717,0.048078740054538056,0.0898390890024326,0.048078740054538056,0.08066060866755884,0.08086951708620717,0.08086951708620717
3,3,True,0.037255892929498685,0.04145562568023865,0.06748875133468853,0.04145562568023865,0.0721600111894723,0.037255892929498685,0.07718510767131108
3,1,False,0.0395168885237207,0.009685476920143836,0.08131183796455023,0.009685476920143836,0.08131183796455023,0.0395168885237207,0.060353236724004694
3,3,True,0.019514671952867615,0.02441230738324766,0.05478774793552438,0.02441230738324766,0.04957936750639651,0.019514671952867615,0.06005095442901809
3,1,False,0.026148676572985845,0.026148676572985845,0.1406763928307515,0.026148676572985845,0.12596626782501813,0.026148676572985845,0.0966879757029386
3,2,False,0.26679543041027254,0.2382191407282574,0.35505637904839377,0.5258408785025429,0.2382191407282574,0.26679543041027254,0.2382191407282574
3,1,False,0.08050720138231134,0.043437311578152116,0.08943672203283108,0.043437311578152116,0.07569947203259032,0.08050720138231134,0.07591413817214826
3,1,False,0.026321866742711014,0.026321866742711014,0.11058043849164129,0.026321866742711014,0.20552651848271122,0.026321866742711014,0.21091578622271687
3,3,True,0.024877834385898794,0.03117836343492359,0.06368851729201201,0.03117836343492359,0.07729479905445434,0.024877834385898794,0.09161460775111244
3,3,True,0.02441230738324766,0.029345781826760023,0.05991244671224211,0.029345781826760023,0.054676796778594376,0.02441230738324766,0.07618138553812884
3,3,True,0.06888467996415201,0.07441545557177745,0.09468850276895241,0.07441545557177745,0.10203621517896994,0.06888467996415201,0.1025022756425626
3,1,False,0.1351963678732081,0.05344438818607715,0.11091468250673078,0.05344438818607715,0.11091468250673078,0.1351963678732081,0.08738255608713733
3,3,True,0.03681973406710126,0.052324852438381406,0.07519133569193202,0.052324852438381406,0.09121372861044566,0.03681973406710126,0.10018902407755313
3,1,False,0.11988007073187126,0.08050048648943198,0.12430294720281804,0.08050048648943198,0.11459376975393681,0.11988007073187126,0.1152503087900619
3,3,True,0.028322526451072028,0.03555609047863685,0.05027635327253177,0.03555609047863685,0.07289226880761654,0.028322526451072028,0.08874315604312205
3,1,False,-0.0,-0.0,0.07322885217293695,-0.0,0.2150694691552453,-0.0,0.15675589450452007
3,3,True,0.018781148501788004,0.07813177811222384,0.07813177811222384,0.09941158532162177,0.16574287665924786,0.018781148501788004,0.12163746660703866
3,3,True,0.03689806744080451,0.041558612452530515,0.07058812277357084,0.041558612452530515,0.07585760735498003,0.03689806744080451,0.07611099391213423
3,1,False,0.09106916253289998,0.08325602665687387,0.09112953034993956,0.08325602665687387,0.10341546882808575,0.09106916253289998,0.11196587855022364
3,0,False,0.49622583337726067,0.2921116770135099,0.2921116770135099,0.2921116770135099,0.5897106200086484,0.49622583337726067,0.4100943728725896
3,2,False,0.1367566169834169,0.046938787515699854,0.09696486244227616,0.41408404313945557,0.046938787515699854,0.1367566169834169,0.05928509381088559
3,3,True,0.015152030488139599,0.015171620776201235,0.05175419734693963,0.015171620776201235,0.05175419734693963,0.015152030488139599,0.06828910395052848
3,1,False,0.06475407301605036,0.03993764719085329,0.11756065761833168,0.03993764719085329,0.11725723205780111,0.06475407301605036,0.15499034630103503
3,3,True,0.0529519678407807,0.06596303136779248,0.06596303136779248,0.08249555426533872,0.06946187612433524,0.0529519678407807,0.06962017797457658
3,1,False,0.03554065094569561,0.017525577418784417,0.049226336373388545,0.017525577418784417,0.049284600000981234,0.03554065094569561,0.054091273288282206
3,3,True,0.03608508990217326,0.05202355179056023,0.05202355179056023,0.14466375614142254,0.05753852124006105,0.03608508990217326,0.07451727456995477
3,3,True,0.023124286096586878,0.030952922484134823,0.08000921335758596,0.030952922484134823,0.08863011657483898,0.023124286096586878,0.09778161489097162
3,3,True,0.022559837804645363,0.0317765907793169,0.050790530229507205,0.0317765907793169,0.06045266664270865,0.022559837804645363,0.07042928694925848
3,3,True,0.02029394133525094,0.04114320048910756,0.04114320048910756,0.05392888187938558,0.04965933414566122,0.02029394133525094,0.06288575645897693
3,3,True,0.041573456532190696,0.05702949491965523,0.0691758412041775,0.05702949491965523,0.07346033725914612,0.041573456532190696,0.07365254092463222
3,1,False,0.10543646296589203,-0.0,0.14418748723482894,-0.0,0.14467227068663968,0.10543646296589203,0.10647976480918306
3,1,False,0.031699405049021225,0.0316005561821909,0.0645480165099322,0.0316005561821909,0.05496913487527813,0.031699405049021225,0.07479216829468066
3,3,True,0.007874178484069584,0.015795352550692813,0.04845569020063405,0.015795352550692813,0.07405053804695365,0.007874178484069584,0.09234349564182688
3,3,True,0.023329002720315503,0.07902155237624703,0.07902155237624703,0.22864817314409583,0.08331239978082661,0.023329002720315503,0.08560059466500261
3,2,False,0.06147344277278574,0.011869890996931039,0.1280336435599818,0.03626497308164707,0.011869890996931039,0.06147344277278574,0.04865222746611696
3,3,True,0.019934518720758135,0.03206985304155111,0.03206985304155111,0.03211557167429947,0.036202107966497823,0.019934518720758135,0.05308134792897498
3,3,True,0.027350731225316182,0.032885058143670154,0.06731203979585319,0.032885058143670154,0.06139481097235182,0.027350731225316182,0.0857828286885197
3,1,False,0.024395082084716028,0.024395082084716028,0.13067541147284908,0.024395082084716028,0.18879413115862254,0.024395082084716028,0.19325698294985216
3,3,True,0.03685313478915434,0.0429509980701942,0.07535107332297294,0.0429509980701942,0.06868430788824031,0.03685313478915434,0.09626600194335712
3,3,True,0.06585308234120593,0.13813874352098618,0.19575087742045158,0.3543218241769957,0.17600615182337198,0.06585308234120593,0.13813874352098618
3,3,True,0.011070562938606759,0.01849243565060942,0.033631187087863994,0.01849243565060942,0.041383280355846666,0.011070562938606759,0.04937286509744658
3,1,False,0.06131316067080562,0.023955849801328716,0.1564085639197928,0.023955849801328716,0.12836879295898027,0.06131316067080562,0.10129341974295432
3,4,False,0.07134126893988661,0.060202046260280216,0.10023797630637621,0.08293177920070537,0.08293177920070537,0.07134126893988661,0.060202046260280216
3,3,True,0.025830246545157736,0.03338165227959991,0.052582750768375215,0.03338165227959991,0.05264623999201517,0.025830246545157736,0.06459900041879237
3,3,True,0.020410997260127583,0.10802209580715165,0.10802209580715165,0.10802209580715165,0.1808067696370746,0.020410997260127583,0.1324171778918677
3,3,True,0.04334069841958758,0.051424285276917836,0.055573686684265385,0.06379015700199461,0.051424285276917836,0.04334069841958758,0.06838187916011652
3,1,False,0.08154635246112496,0.03150462318263368,0.08125891351023057,0.03150462318263368,0.1723046576715345,0.08154635246112496,0.13488167868702938
3,3,True,0.08194367399048089,0.08263112410980666,0.1130678077953225,0.1387501201687973,0.09441883764460997,0.08194367399048089,0.08263112410980666
3,2,False,0.06833430482510432,0.04518299920459488,0.07622900432751557,0.13037197909287396,0.04518299920459488,0.06833430482510432,0.07643164778509468
3,1,False,0.037630065852877544,0.024808850546208707,0.10477554112246791,0.024808850546208707,0.11926930955909407,0.037630065852877544,0.09161460775111244
3,3,True,0.03849679639437248,0.04336157536448426,0.07371399023090197,0.04336157536448426,0.07924451435211155,0.03849679639437248,0.0795216212479437
3,1,False,0.026092876585285096,0.021568566189080856,0.06666920346944138,0.021568566189080856,0.05289824268851486,0.026092876585285096,0.05770794368369614
3,3,True,0.023060956348183156,0.027718621015166464,0.056523644068695617,0.027718621015166464,0.05159749584718981,0.023060956348183156,0.07179920542908494
3,3,True,0.03143957830129891,0.03679460217000105,0.03679460217000105,0.03679460217000105,0.06998514375069782,0.03143957830129891,0.08176149412809801
3,1,False,0.09914780479223441,0.01038991524348378,0.08754851319934394,0.01038991524348378,0.08754851319934394,0.09914780479223441,0.0649293012619313
3,3,True,0.008264650975605291,0.012409961464974454,0.020778429984467127,0.012409961464974454,0.033549531880343944,0.008264650975605291,0.04233349181133135
3,1,False,0.0436236498693079,0.021516696375409677,0.06182776333903467,0.021516696375409677,0.05732313696336508,0.0436236498693079,0.0668110372131028
3,3,True,0.04114320048910756,0.06255828006201677,0.09034336618007163,0.06255828006201677,0.09025681466939908,0.04114320048910756,0.13758995484577477
3,1,False,0.04941594672396166,0.04941594672396166,0.1299026133304309,0.04941594672396166,0.25555982747088396,0.04941594672396166,0.19325698294985216
3,3,True,0.036790254825140145,0.041502021808998424,0.07063658232986794,0.041502021808998424,0.06576184119653455,0.036790254825140145,0.0858661860722222
4,0,False,0.03796683807352845,0.027597265025145153,0.027597265025145153,0.17198109463367822,0.032737063238792934,0.05098163783036244,0.03796683807352845
4,3,False,0.04670162993952095,0.013172675718839042,0.04668384760250867,0.37580805807464535,0.05207048918036216,0.013172675718839042,0.04670162993952095
4,4,True,0.024051691225247005,0.02533265440736688,0.02533265440736688,0.38706308152202884,0.02791476902410114,0.05440680753116228,0.024051691225247005
4,1,False,0.056217570662932065,0.023972381899225265,0.04157091812417931,0.023972381899225265,0.048791260201576446,0.023972381899225265,0.056217570662932065
4,0,False,0.034923482056817,0.030233960351804763,0.030233960351804763,0.3156268771564344,0.03799571734040482,0.060279689850658666,0.034923482056817
4,3,False,0.0543009698884327,0.013169290078440829,0.053182492688616384,0.3770101438063911,0.05862372198223375,0.013169290078440829,0.0543009698884327
4,0,False,0.034373420235190084,0.03309478045697069,0.03309478045697069,0.3977020738535703,0.0408120305576702,0.0563074880867945,0.034373420235190084
4,0,False,0.04094617457839729,0.03457260783318774,0.03457260783318774,0.217751870414976,0.038783159031391914,0.07318112128817891,0.04094617457839729
4,3,False,0.09604250054692828,0.02341457680624535,0.08296007411726075,0.15365448313910413,0.08814916125709495,0.02341457680624535,0.09604250054692828
4,0,False,0.021157334232180632,0.019791405661756443,0.019791405661756443,0.35822718276216337,0.02517503775406419,0.04576427886176105,0.021157334232180632
4,3,False,0.04261630844084015,0.015294227052646112,0.04691108931671209,0.38297227658383415,0.053401389791642405,0.015294227052646112,0.04261630844084015
4,0,False,0.037007558046841645,0.03689780167397973,0.03689780167397973,0.23732498758018822,0.036916483474343904,0.06762448861079735,0.037007558046841645
4,0,False,0.03718854079883042,0.029189510869045653,0.029189510869045653,0.23929278560941283,0.039130208340532706,0.06172663849963038,0.03718854079883042
4,0,False,0.040210009609696055,0.029159525138770008,0.029159525138770008,0.08257895585225908,0.034624060404865147,0.03737888831034995,0.040210009609696055
4,0,False,0.02789649468084605,0.025507673056368342,0.025507673056368342,0.39889596891084095,0.03859852813215179,0.04958798149153946,0.02789649468084605
4,0,False,0.03559726696684167,0.034076835344714056,0.034076835344714056,0.36168303572677013,0.04881924320883195,0.06544921801475201,0.03559726696684167
4,0,False,0.032213628898927774,0.02638952780074303,0.02638952780074303,0.2480541126452867,0.028316312458737995,0.05985634016270905,0.032213628898927774
4,3,False,0.04500245737705959,0.015220575006829636,0.05225146787238502,0.3638058871295576,0.053342533966653186,0.015220575006829636,0.04500245737705959
4,0,False,0.04604124847847662,0.037605742746258206,0.037605742746258206,0.08021828042997838,0.04038352766855926,0.043176831022879135,0.04604124847847662
4,0,False,0.03626466721398784,0.036257874832349414,0.036257874832349414,0.40200188162968625,0.044690042666097766,0.0632565321872087,0.03626466721398784
4,4,True,0.02688469590035615,0.028519278887904915,0.028519278887904915,0.29147433119585353,0.044227377004594406,0.06196432878700053,0.02688469590035615
4,0,False,0.03842574454585803,0.03271414705126921,0.03271414705126921,0.23773910623641534,0.0383533045701228,0.0592978849577977,0.03842574454585803
4,0,False,0.047227138163082466,0.0470914157707899,0.0470914157707899,0.2570885081796984,0.061551876971471804,0.0656452252872673,0.047227138163082466
4,3,False,0.044561255679877884,0.014198317104117751,0.04776492910475629,0.37901694219690707,0.053161002153542275,0.014198317104117751,0.044561255679877884
4,0,False,0.03675897925832183,0.031365826546896625,0.031365826546896625,0.2552150794683791,0.04032664548929331,0.06800255634280443,0.03675897925832183
4,1,False,0.04278852220936237,0.019418560449556137,0.032672448275070376,0.019418560449556137,0.049531652686019126,0.02272694732088082,0.04278852220936237
4,4,True,0.05061564126317321,0.052769088058593115,0.052769088058593115,0.21345549989643298,0.057096589537907236,0.06364009010476124,0.05061564126317321
4,0,False,0.05432608335977039,0.05117087933880005,0.05117087933880005,0.08739729695166767,0.054234755963322556,0.051240735041011204,0.05432608335977039
4,4,True,0.032747867715588276,0.03526678071277367,0.03526678071277367,0.2030424132411536,0.03526678071277367,0.06154755269086508,0.032747867715588276
4,4,True,0.034939300229010574,0.041294209987495036,0.04776492910475629,0.18725629112506187,0.041294209987495036,0.06825519320454049,0.034939300229010574
4,3,False,0.04774765657016444,0.016244398042074712,0.047732067167517704,0.3810404818487873,0.05312312231444799,0.016244398042074712,0.04774765657016444
4,0,False,0.03557666403821702,0.021082895601590854,0.021082895601590854,0.12341104057951068,0.023469534977919714,0.0452762269636178,0.03557666403821702
4,3,False,0.052051885861958504,0.0182967608364613,0.05203498260315022,0.384061776291011,0.05745890661490783,0.0182967608364613,0.052051885861958504
4,3,False,0.0521364660579729,0.014198317104117751,0.04882990807495097,0.3810404818487873,0.05425389876353236,0.014198317104117751,0.0521364660579729
4,0,False,0.030780455016470122,0.023918666786461304,0.023918666786461304,0.421922076200211,0.036202107966497823,0.05722774451797707,0.030780455016470122
4,0,False,0.03911203742171335,0.03151743453634262,0.03151743453634262,0.11310953888825762,0.03401743974469551,0.04653477573134439,0.03911203742171335
4,0,False,0.0368592491998511,0.026376684967328645,0.026376684967328645,0.1996422755753439,0.032612992861339465,0.06464956346942488,0.0368592491998511
4,0,False,0.03755153596246022,0.03322258322046543,0.03322258322046543,0.19548682004537024,0.04393993478178692,0.054785125678930666,0.03755153596246022
4,3,False,0.05245306821361925,0.02051524265877257,0.05573452503718007,0.37548905910434327,0.05790219871888011,0.02051524265877257,0.05245306821361925
4,0,False,0.029616854762425805,0.021589498020049495,0.021589498020049495,0.22114630674827396,0.02557758273434632,0.0626401492894642,0.029616854762425805
4,0,False,0.03302347198245559,0.024157991496839677,0.024157991496839677,0.26375695432190027,0.03655033061609651,0.06021518891451423,0.03302347198245559
4,0,False,0.05801695622253561,0.05210867775093829,0.05210867775093829,0.09918919505409496,0.05793876507154885,0.052158353871010796,0.05801695622253561
4,3,False,0.049978426762732946,0.008075533951745342,0.04995543751789006,0.37922229802709534,0.055373076696397905,0.008075533951745342,0.049978426762732946
4,4,True,0.03941245576033005,0.04131649162649709,0.04131649162649709,0.22780917071425086,0.04338878780327862,0.0683044435657116,0.03941245576033005
4,0,False,0.031869106174155906,0.029996402254588574,0.029996402254588574,0.26469681107428716,0.03726405381320176,0.06335980886645434,0.031869106174155906
4,0,False,0.03225056914129727,0.0321892544577566,0.0321892544577566,0.4207330467382698,0.033737421856816996,0.07243155749182553,0.03225056914129727
4,0,False,0.05467960291321515,0.05165161017976575,0.05165161017976575,0.08917374371324348,0.05458846515812665,0.05738233193926906,0.05467960291321515
4,2,False,0.044137849542722686,0.029079737328238153,0.0327428065249558,0.08284461349293376,0.029079737328238153,0.044064044899835675,0.044137849542722686
4,0,False,0.047346907234416924,0.0423342744241549,0.0423342744241549,0.152722129470109,0.04728728542107558,0.0695667694307747,0.047346907234416924
4,0,False,0.022408787539842955,0.020113898330974406,0.020113898330974406,0.37526476216553584,0.025807759515561326,0.04440384219532812,0.022408787539842955
4,2,False,0.045564104655990804,0.02811028835635454,0.0455111974065219,0.07555573360555468,0.02811028835635454,0.03966433119041321,0.045564104655990804
4,0,False,0.055020599451926326,0.051850124786022925,0.051850124786022925,0.09475208297586322,0.05493945444049976,0.051909142134654265,0.055020599451926326
4,4,True,0.028762474554803,0.029853396006445237,0.029853396006445237,0.3805344419239347,0.0389510111743483,0.05412136970068442,0.028762474554803
4,0,False,0.049448036164190926,0.04317053257135341,0.04317053257135341,0.22507109215398047,0.05544869028044774,0.0721592561132858,0.049448036164190926
4,0,False,0.0320484525882921,0.023427549371039063,0.023427549371039063,0.30922829974713856,0.037185007063724886,0.06384642789511598,0.0320484525882921
4,0,False,0.035096115178612566,0.027847292484495544,0.027847292484495544,0.13539932060818607,0.030233931860824365,0.05194024239566565,0.035096115178612566
4,3,False,0.0718345002590484,0.0221834226003092,0.06274334071745317,0.13133961872814376,0.05971673580377132,0.0221834226003092,0.0718345002590484
4,3,False,0.07778685864489916,0.022450364261181778,0.06954491378405447,0.13160544714868624,0.06412480650762206,0.022450364261181778,0.07778685864489916
4,2,False,0.05131028558396181,0.04059151601660031,0.04323004456702219,0.12097016114279097,0.04059151601660031,0.05110028621311048,0.05131028558396181
4,0,False,0.02959211044106093,0.029539939954597208,0.029539939954597208,0.38572903152962146,0.030859201933687783,0.053812630342164686,0.02959211044106093
4,0,False,0.03087237319944519,0.02914819554750952,0.02914819554750952,0.29657783338431487,0.03582609113828733,0.05795345669811026,0.03087237319944519
4,0,False,0.03177462442252625,0.027398322570587642,0.027398322570587642,0.18087337236203038,0.029562828115380413,0.05593760094206092,0.03177462442252625
4,0,False,0.04562953148371178,0.03381475761916917,0.03381475761916917,0.13959502872292412,0.03966433119041321,0.0455111974065219,0.04562953148371178
4,0,False,0.04089618575079361,0.03482801299680255,0.03482801299680255,0.24221219463594532,0.04889535391231267,0.0715846408835746,0.04089618575079361
4,0,False,0.02934647065868261,0.025579519426578167,0.025579519426578167,0.24600567184055253,0.029308398150920338,0.059965089991245536,0.02934647065868261
4,2,False,0.0494555551246046,0.03418360318987688,0.05182222686942832,0.12340891673076726,0.03418360318987688,0.05316626900543109,0.0494555551246046
4,3,False,0.08178017724674841,0.01787171056214249,0.07431735213841059,0.16023266267831185,0.0792253198222305,0.01787171056214249,0.08178017724674841
4,0,False,0.021666971994284443,0.02054649715515757,0.02054649715515757,0.3710322503165695,0.021640924798899255,0.04525462550175094,0.021666971994284443
4,0,False,0.03334203234596156,0.024801520482310435,0.024801520482310435,0.0592433403021712,0.027618429341438454,0.02764396498052673,0.03334203234596156
4,4,True,0.04301051475372607,0.048203014310738736,0.048203014310738736,0.28459330252218423,0.055482938034149054,0.0778552242597012,0.04301051475372607
4,0,False,0.030377257697419176,0.02453459946346294,0.02453459946346294,0.2486119560395375,0.02646510379219267,0.060063708278377856,0.030377257697419176
4,0,False,0.041398330825068816,0.0319999168199274,0.0319999168199274,0.15180439300196327,0.0367058339111007,0.05577929395048983,0.041398330825068816
4,0,False,0.049805305615447305,0.041114594033805414,0.041114594033805414,0.21053842217087967,0.05396334173658099,0.06025393076383949,0.049805305615447305
4,0,False,0.03046348564440878,0.02525676973882798,0.02525676973882798,0.38778618516841273,0.03561031131683336,0.0555894272277482,0.03046348564440878
4,0,False,0.048703512160831026,0.0389407613790948,0.0389407613790948,0.27379027562247615,0.06419754343776993,0.07034485711255245,0.048703512160831026
4,4,True,0.02944084146725527,0.035775052799125705,0.05905326113655194,0.3165700273849354,0.035775052799125705,0.06348440491010515,0.02944084146725527
4,0,False,0.02457385269652145,0.02160969923696953,0.02160969923696953,0.3429870451903433,0.027481688919521977,0.04707859760877277,0.02457385269652145
4,3,False,0.0644090914657854,0.0307588907238373,0.0614392757331198,0.3791961754693802,0.06865454252512053,0.0307588907238373,0.0644090914657854
4,0,False,0.039615821813852245,0.03748208486489324,0.03748208486489324,0.22992400781777633,0.039568465636099615,0.07289064513198322,0.039615821813852245
4,0,False,0.029921198775928342,0.020553243247193473,0.020553243247193473,0.13624837581019827,0.02754235162845572,0.04892338334141595,0.029921198775928342
4,3,False,0.04672108625213612,0.015220575006829636,0.04670162993952095,0.3760140501652252,0.052090789198144666,0.015220575006829636,0.04672108625213612
4,0,False,0.03495518871077615,0.03350268940169479,0.03350268940169479,0.3297591598905793,0.05085235994550957,0.05827089366074342,0.03495518871077615
4,0,False,0.04062801505938627,0.03833876680236517,0.03833876680236517,0.37947724983708836,0.04854220829089481,0.05663475660824753,0.04062801505938627
4,3,False,0.08642776361796134,0.02294034429507314,0.09978673162472748,0.21759383838402815,0.09085160780873955,0.02294034429507314,0.08642776361796134
4,0,False,0.03757693170705409,0.03158830068436661,0.03158830068436661,0.0737841481461008,0.03454688919841089,0.03162448045389489,0.03757693170705409
4,0,False,0.04124226613959929,0.035187460478784835,0.035187460478784835,0.347318552330616,0.05495023366025934,0.056622899970905645,0.04124226613959929
4,2,False,0.03742068588865997,0.029706037106375077,0.03161443636972551,0.2524370539392026,0.029706037106375077,0.06681120056828185,0.03742068588865997
4,3,False,0.05114740755061623,0.011041153807871568,0.05642451875115696,0.3868077896349721,0.05967128340643115,0.011041153807871568,0.05114740755061623
4,3,False,0.07396191295620744,0.0228161458589119,0.06458663828351952,0.11546341574863543,0.06146561522654686,0.0228161458589119,0.07396191295620744
4,2,False,0.02381538187833873,0.01827219485155097,0.027567744705372606,0.24726041695847195,0.01827219485155097,0.062232529456908776,0.02381538187833873
4,2,False,0.03877070698725924,0.030757079468632254,0.032737280076680676,0.2438956976489626,0.030757079468632254,0.06925859426407457,0.03877070698725924
4,0,False,0.058754408382197476,0.0488503662119258,0.0488503662119258,0.3728989124452809,0.06585069644730965,0.08491202062335126,0.058754408382197476
4,0,False,0.036754738830247345,0.033277268147688395,0.033277268147688395,0.30418109159627654,0.043594675805112164,0.07011584220147532,0.036754738830247345
4,0,False,0.030841737743565134,0.026109841228090055,0.026109841228090055,0.3017650486079544,0.03240875374766454,0.058216394552631244,0.030841737743565134
4,3,False,0.059742704989467,0.022374422083332075,0.057304568857322616,0.3882206390624178,0.0633041587404445,0.022374422083332075,0.059742704989467
4,4,True,0.024727508026373458,0.040891210876169544,0.04785636318914048,0.2305995640517893,0.040891210876169544,0.06949020915987385,0.024727508026373458
4,0,False,0.03464665786711975,0.030178095046126986,0.030178095046126986,0.40294953067921346,0.04203050502617082,0.06643191520696604,0.03464665786711975
4,3,False,0.04886848056808015,0.015226066695165776,0.048848353147301474,0.37580805807464535,0.05425389876353236,0.015226066695165776,0.04886848056808015
4,0,False,0.0261127933753558,0.026052816883016024,0.026052816883016024,0.28757730033516693,0.031078467602011998,0.05147998326982398,0.0261127933753558
4,0,False,0.03499840860196855,0.03256482644500438,0.03256482644500438,0.38641190892312194,0.033796484946271355,0.059386459545741385,0.03499840860196855
4,1,False,0.04973895145979962,0.019426605305204802,0.04284229039363174,0.019426605305204802,0.04955772461869376,0.02272694732088082,0.04973895145979962
4,3,False,0.046872796763093715,0.030840561932872948,0.03392702088844779,0.06294784783586524,0.04031688421164728,0.030840561932872948,0.046872796763093715
4,4,True,0.04291505151140766,0.05400949431976226,0.05400949431976226,0.2766722202293651,0.061486119919451784,0.08071208336458449,0.04291505151140766
4,4,True,0.025436455041841687,0.029491179344601173,0.029491179344601173,0.4208819151307361,0.03365529342976811,0.0604359498872705,0.025436455041841687
4,0,False,0.03553768438969902,0.030746890243780012,0.030746890243780012,0.3084229691434858,0.04341737529498367,0.06135039933124596,0.03553768438969902
4,3,False,0.06972212169162982,0.03264332727638167,0.06154755269086508,0.12594391460320034,0.058811931964877,0.03264332727638167,0.06972212169162982
4,3,False,0.07029122106253972,0.051950489204246546,0.059664254125999835,0.13048745070677456,0.0649136461751097,0.051950489204246546,0.07029122106253972
4,4,True,0.034211972757940474,0.03903988152580561,0.03903988152580561,0.4575506825795136,0.04638949219170084,0.061371499020578674,0.034211972757940474
4,4,True,0.037684190922623984,0.03975977711137149,0.03975977711137149,0.16405826462951834,0.042138952264645216,0.05351059657792037,0.037684190922623984
4,0,False,0.03673315969103739,0.032893531412088305,0.032893531412088305,0.2547502560678747,0.03477677280982673,0.06555854300697787,0.03673315969103739
4,4,True,0.04429868502829086,0.04606859838085288,0.04606859838085288,0.296779275698285,0.049560100274601004,0.0748571252820223,0.04429868502829086
4,0,False,0.03640656296732206,0.028387473839466743,0.028387473839466743,0.09471717647511496,0.038991062583327026,0.036336581186900155,0.03640656296732206
4,4,True,0.037795506627655504,0.04970440678750428,0.04970440678750428,0.33747646250776975,0.05429861981470739,0.06833559753962483,0.037795506627655504
4,4,True,0.047773529457041705,0.05369728513755202,0.06553171256284106,0.2855476271410058,0.05369728513755202,0.09487305764474066,0.047773529457041705
4,2,False,0.03923483680854213,0.034730301837359166,0.043592245592363035,0.19412054384256938,0.034730301837359166,0.06881516509957859,0.03923483680854213
4,0,False,0.05347105988701813,0.04173218154226542,0.04173218154226542,0.07998675443672632,0.047529347932725056,0.05060119267593849,0.05347105988701813
4,3,False,0.04776492910475629,0.016249381954169726,0.049914507198723645,0.3778256463499354,0.04776492910475629,0.016249381954169726,0.04776492910475629
4,2,False,0.033648468959035144,0.027835319215977802,0.03062086335428825,0.06556779732484347,0.027835319215977802,0.0335283989454284,0.033648468959035144
4,0,False,0.032679617927291134,0.026430318392049963,0.026430318392049963,0.19366958244694507,0.028483718026397167,0.05178873678888403,0.032679617927291134
4,0,False,0.0278967128787084,0.02629155821261153,0.02629155821261153,0.30487674387807,0.031038429308737105,0.05365442786151751,0.0278967128787084
